ObjectID,GlobalID,Transect Meter Mark,Direction To Group,Distance To Group,Number Seedlings In Group,Number Vegetative In Group,Number Reproductive In Group,siteName,distBetweenTransects,eventDate,recordedBy,transectNumber_,transectOrientation,ParentGlobalID,CreationDate,Creator,EditDate,Editor,x,y
5,b88da206-30b3-47a4-b8bd-40d106a18bbd,21.89,+,1.23,0,3,1,11,20,1714500000000,,2,NS,957ebb91-2e35-4bc5-bcf9-53da2d5a01d1,5/1/2024 12:42:16 AM,MichelleDPL,5/1/2024 12:42:16 AM,MichelleDPL,-108.309982543011,39.3445431048387
6,7cf98f23-5c5f-4e4e-a995-36485d656410,,,,,,,11,20,1714500000000,,2,NS,957ebb91-2e35-4bc5-bcf9-53da2d5a01d1,5/1/2024 12:42:16 AM,MichelleDPL,5/1/2024 12:42:16 AM,MichelleDPL,0,0
7,b12a79ff-0268-47b1-9da2-9e030503d88e,,,,,,,,,1714500000000,,,,60f005f0-7553-436b-8f20-d671932a1f02,5/1/2024 12:42:17 AM,MichelleDPL,5/1/2024 12:42:17 AM,MichelleDPL,-108.309872,39.3448733333333
8,102633f0-31e9-4a6b-90a5-b601026b78bb,9.8,+,2.78,0,1,0,11,20,1714500000000,,1,EW,cbcb693d-1b82-4f1a-a699-5a1b7caf9e64,5/1/2024 12:43:29 AM,MichelleDPL,5/1/2024 12:43:29 AM,MichelleDPL,-108.309645533333,39.3444965833333
9,71663c08-a26f-43af-b5c4-2dd07d869185,38.67,+,1.6,0,4,1,11,20,1714500000000,,1,EW,bf03eb41-8957-42de-bc97-94546b9565a6,5/1/2024 12:43:29 AM,MichelleDPL,5/1/2024 12:43:29 AM,MichelleDPL,-108.309963366667,39.3445470166667
10,c3b8e8d9-913c-440e-bbf8-a5478c8b37b6,54.86,+,1.12,0,1,1,11,20,1714500000000,,1,EW,23714ba4-92d0-47d4-b163-826b63758426,5/1/2024 12:43:29 AM,MichelleDPL,5/1/2024 12:43:29 AM,MichelleDPL,-108.310158966667,39.3445679
11,7ead3677-bebb-4b19-8d34-bb0d8f1590c0,55.9,+,1.4,0,1,1,11,20,1714500000000,,1,EW,5af035b2-a8b6-41ad-94e8-2000cf15c1c3,5/1/2024 12:43:29 AM,MichelleDPL,5/1/2024 12:43:29 AM,MichelleDPL,-108.310169333333,39.3445835
12,c8654c5d-af08-405f-b922-fe1004e9ac7c,3.57,-,0.64,0,1,1,11,20,1714500000000,,21,EW,0f7ed122-92b1-4fba-81f0-21b6b09dafec,5/1/2024 12:43:30 AM,MichelleDPL,5/1/2024 12:43:30 AM,MichelleDPL,-108.309533716667,39.3446340333333
13,cade5093-2af6-44e9-a798-ef7905eaaafe,9.57,+,0.17,0,1,1,11,20,1714500000000,,21,EW,d4d0410f-34ef-4338-93c8-80d4b249d80e,5/1/2024 12:43:30 AM,MichelleDPL,5/1/2024 12:43:30 AM,MichelleDPL,-108.309590477778,39.3446512
14,874d2f71-93b5-4510-916f-38041399f332,8.27,-,1,0,0,1,11,20,1714500000000,,2,EW,e0530891-27b6-459c-a682-d318588a0a8a,5/1/2024 12:43:42 AM,MichelleDPL,5/1/2024 12:43:42 AM,MichelleDPL,-108.309588833333,39.344639
15,557e1c15-9748-4ea4-b47a-d398cea4f946,0.56,+,0.15,3,0,1,11,20,1714500000000,,2,EW,e0530891-27b6-459c-a682-d318588a0a8a,5/1/2024 12:43:42 AM,MichelleDPL,5/1/2024 12:43:42 AM,MichelleDPL,-108.3096025,39.3446416666667
16,01887817-a0d4-45b6-ae24-0b35088d691e,46.42,-,2.08,0,0,1,11,20,1714500000000,,2,EW,e0530891-27b6-459c-a682-d318588a0a8a,5/1/2024 12:43:42 AM,MichelleDPL,5/1/2024 12:43:42 AM,MichelleDPL,-108.310026833333,39.3446826666667
17,50abea1f-bd32-4bcc-b22b-86f9ecea79e2,,,,,,,11,20,1714500000000,,2,EW,e0530891-27b6-459c-a682-d318588a0a8a,5/1/2024 12:43:42 AM,MichelleDPL,5/1/2024 12:43:42 AM,MichelleDPL,-108.310026,39.3446835
18,7c5a1dc4-aa22-4dbc-84d5-412ec45105af,21.82,+,1.26,2,3,1,11,20,1714500000000,,21,NS,eb06e28b-e0aa-49d7-8b16-dff5883bc517,5/1/2024 12:43:42 AM,MichelleDPL,5/1/2024 12:43:42 AM,MichelleDPL,-108.310079,39.3443666666667
19,287b2e68-8638-46b6-b3ee-aa971d6b4123,38.82,-,2.02,0,0,1,11,20,1714500000000,,21,NS,eb06e28b-e0aa-49d7-8b16-dff5883bc517,5/1/2024 12:43:42 AM,MichelleDPL,5/1/2024 12:43:42 AM,MichelleDPL,-108.3099823125,39.3446992708333
20,5be3cd87-0d08-4df4-b49c-e10b58a0a423,4.67,-,0.48,,,1,3,10,1714586400000,,1,NS,ee1ed4e0-46bf-4c9b-aad0-243863a5eb66,5/2/2024 2:00:59 AM,MichelleDPL,5/2/2024 2:00:59 AM,MichelleDPL,-108.328316916667,38.6700716666667
21,1266a1d4-9124-4cbe-9a7f-7587e4254c47,5.25,+,0.92,,,1,3,10,1714586400000,,1,NS,ee1ed4e0-46bf-4c9b-aad0-243863a5eb66,5/2/2024 2:00:59 AM,MichelleDPL,5/2/2024 2:00:59 AM,MichelleDPL,-108.328301,38.6700488333333
22,669ceaba-67d3-441b-979c-cae867248732,5.25,+,0.76,,1,,3,10,1714586400000,,1,NS,ee1ed4e0-46bf-4c9b-aad0-243863a5eb66,5/2/2024 2:00:59 AM,MichelleDPL,5/2/2024 2:00:59 AM,MichelleDPL,-108.3283065,38.6700566666667
23,3c5b8340-ae8b-4f6c-b46a-e6c38fd04cf7,5.39,+,0.5,,,1,3,10,1714586400000,,1,NS,ee1ed4e0-46bf-4c9b-aad0-243863a5eb66,5/2/2024 2:00:59 AM,MichelleDPL,5/2/2024 2:00:59 AM,MichelleDPL,-108.328308766667,38.6700556333333
24,2877fcd0-0728-42f8-9029-db5884dd072e,6.34,-,0.72,,,1,3,10,1714586400000,,1,NS,ee1ed4e0-46bf-4c9b-aad0-243863a5eb66,5/2/2024 2:00:59 AM,MichelleDPL,5/2/2024 2:00:59 AM,MichelleDPL,-108.328313666667,38.6700743333333
25,cd269eab-61b0-4e43-af34-e151aed0dc3f,6.54,-,0.71,,,1,3,10,1714586400000,,1,NS,ee1ed4e0-46bf-4c9b-aad0-243863a5eb66,5/2/2024 2:00:59 AM,MichelleDPL,5/2/2024 2:00:59 AM,MichelleDPL,-108.328294333333,38.6700645
26,b756e6d2-7a44-47dd-a73c-708ded4219c6,8.1,+,0.67,,1,,3,10,1714586400000,,1,NS,ee1ed4e0-46bf-4c9b-aad0-243863a5eb66,5/2/2024 2:00:59 AM,MichelleDPL,5/2/2024 2:00:59 AM,MichelleDPL,-108.328294833333,38.6700895
27,9189e185-139c-45a5-b4d5-e02db6785304,15.2,-,1.62,,,1,3,10,1714586400000,,1,NS,ee1ed4e0-46bf-4c9b-aad0-243863a5eb66,5/2/2024 2:00:59 AM,MichelleDPL,5/2/2024 2:00:59 AM,MichelleDPL,-108.328322333333,38.6701498333333
28,e1a7bf14-1a24-40b3-a964-88d9c210f17b,267,+,19.72,,,1,3,10,1714586400000,,1,NS,ee1ed4e0-46bf-4c9b-aad0-243863a5eb66,5/2/2024 2:00:59 AM,MichelleDPL,5/2/2024 2:00:59 AM,MichelleDPL,-108.328255833333,38.6701943333333
29,a4a40568-3f6d-4a76-aa6b-708afea446aa,21.3,+,101,,,1,3,10,1714586400000,,1,NS,ee1ed4e0-46bf-4c9b-aad0-243863a5eb66,5/2/2024 2:00:59 AM,MichelleDPL,5/2/2024 2:00:59 AM,MichelleDPL,-108.328269333333,38.6701993333333
30,75c21d53-28ae-481d-b7cf-f65fceba1016,22.1,+,0.67,,,2,3,10,1714586400000,,1,NS,ee1ed4e0-46bf-4c9b-aad0-243863a5eb66,5/2/2024 2:00:59 AM,MichelleDPL,5/2/2024 2:00:59 AM,MichelleDPL,-108.328278666667,38.6702041666667
31,48c17157-328e-4acd-8399-9177f4528e3e,22.57,+,1.53,,,1,3,10,1714586400000,,1,NS,ee1ed4e0-46bf-4c9b-aad0-243863a5eb66,5/2/2024 2:00:59 AM,MichelleDPL,5/2/2024 2:00:59 AM,MichelleDPL,-108.328272833333,38.6702191666667
32,f041ac6d-2b93-4eea-b62d-e124a5dcd77e,22.88,+,0.71,,,1,3,10,1714586400000,,1,NS,ee1ed4e0-46bf-4c9b-aad0-243863a5eb66,5/2/2024 2:00:59 AM,MichelleDPL,5/2/2024 2:00:59 AM,MichelleDPL,-108.328276166667,38.6702205
33,227e202d-1903-4c00-abc6-7331df2e3761,23.67,+,0.9,,1,1,3,10,1714586400000,,1,NS,ee1ed4e0-46bf-4c9b-aad0-243863a5eb66,5/2/2024 2:00:59 AM,MichelleDPL,5/2/2024 2:00:59 AM,MichelleDPL,-108.328276166667,38.6702338333333
34,a386b816-da85-449f-99ec-e0c51bc69a1f,24.47,-,0.21,,,1,3,10,1714586400000,,1,NS,ee1ed4e0-46bf-4c9b-aad0-243863a5eb66,5/2/2024 2:00:59 AM,MichelleDPL,5/2/2024 2:00:59 AM,MichelleDPL,-108.328275,38.670234
35,9dfe195f-20b2-46d2-a2c7-ebf3aeaf076a,23.78,-,0.57,,,1,3,10,1714586400000,,1,NS,ee1ed4e0-46bf-4c9b-aad0-243863a5eb66,5/2/2024 2:00:59 AM,MichelleDPL,5/2/2024 2:00:59 AM,MichelleDPL,-108.3282815,38.6702251666667
36,c33be162-62ce-493f-be68-8292fc293893,24.18,-,0.34,,,1,3,10,1714586400000,,1,NS,ee1ed4e0-46bf-4c9b-aad0-243863a5eb66,5/2/2024 2:00:59 AM,MichelleDPL,5/2/2024 2:00:59 AM,MichelleDPL,-108.328281666667,38.6702253333333
37,8e106b95-a81f-45d0-9d9f-dcc40729f7b1,24.65,-,2.22,,,1,3,10,1714586400000,,1,NS,ee1ed4e0-46bf-4c9b-aad0-243863a5eb66,5/2/2024 2:00:59 AM,MichelleDPL,5/2/2024 2:00:59 AM,MichelleDPL,-108.328307666667,38.6702483333333
38,2077b8e7-94de-45f3-9b69-533f9500cecf,25.52,-,0.31,,,1,3,10,1714586400000,,1,NS,ee1ed4e0-46bf-4c9b-aad0-243863a5eb66,5/2/2024 2:00:59 AM,MichelleDPL,5/2/2024 2:00:59 AM,MichelleDPL,-108.3283025,38.6702516666667
39,2fcbc541-53f1-4d33-a9a3-6e58fee0bf68,25.5,-,2.16,,,2,3,10,1714586400000,,1,NS,ee1ed4e0-46bf-4c9b-aad0-243863a5eb66,5/2/2024 2:00:59 AM,MichelleDPL,5/2/2024 2:00:59 AM,MichelleDPL,-108.328252833333,38.6702865
40,533bc9eb-4b9c-41de-9300-f385ba6ec914,29.95,+,1.2,,2,,3,10,1714586400000,,1,NS,ee1ed4e0-46bf-4c9b-aad0-243863a5eb66,5/2/2024 2:00:59 AM,MichelleDPL,5/2/2024 2:00:59 AM,MichelleDPL,-108.328254333333,38.6702855
41,f4db0356-91b1-44d8-83f9-4353100e5d76,33.24,+,0.41,,1,,3,10,1714586400000,,1,NS,ee1ed4e0-46bf-4c9b-aad0-243863a5eb66,5/2/2024 2:00:59 AM,MichelleDPL,5/2/2024 2:00:59 AM,MichelleDPL,-108.328258666667,38.670316
42,6022ed23-c97c-47b0-979f-42bcee1742e0,33.58,+,0.34,,,1,3,10,1714586400000,,1,NS,ee1ed4e0-46bf-4c9b-aad0-243863a5eb66,5/2/2024 2:00:59 AM,MichelleDPL,5/2/2024 2:00:59 AM,MichelleDPL,-108.328259166667,38.6703131666667
43,08f5a13f-69eb-4a45-a89f-1d029b47f29b,33.87,+,0.37,,1,1,3,10,1714586400000,,1,NS,ee1ed4e0-46bf-4c9b-aad0-243863a5eb66,5/2/2024 2:00:59 AM,MichelleDPL,5/2/2024 2:00:59 AM,MichelleDPL,-108.328262166667,38.6703133333333
44,b782d88d-674e-4fa1-b578-ed18b64f34a0,33.83,+,0.62,,,1,3,10,1714586400000,,1,NS,ee1ed4e0-46bf-4c9b-aad0-243863a5eb66,5/2/2024 2:00:59 AM,MichelleDPL,5/2/2024 2:00:59 AM,MichelleDPL,-108.328255,38.6703186666667
45,734bd6ac-3725-4f8e-99e5-376d37a71351,24.12,+,0.62,,,1,3,10,1714586400000,,1,NS,ee1ed4e0-46bf-4c9b-aad0-243863a5eb66,5/2/2024 2:00:59 AM,MichelleDPL,5/2/2024 2:00:59 AM,MichelleDPL,-108.328259333333,38.6703215
46,32113017-d90b-4c56-b3df-521ad0ee3b7e,34.27,+,0.77,,,3,3,10,1714586400000,,1,NS,ee1ed4e0-46bf-4c9b-aad0-243863a5eb66,5/2/2024 2:00:59 AM,MichelleDPL,5/2/2024 2:00:59 AM,MichelleDPL,-108.328242,38.67032
47,43996378-555d-4e47-85cf-4703cf375ea6,34.1,+,0.87,,1,1,3,10,1714586400000,,1,NS,ee1ed4e0-46bf-4c9b-aad0-243863a5eb66,5/2/2024 2:00:59 AM,MichelleDPL,5/2/2024 2:00:59 AM,MichelleDPL,-108.328242666667,38.6703171666667
48,7d8b41cb-e787-46b1-bf72-c65a69689996,34.26,+,1.09,,1,,3,10,1714586400000,,1,NS,ee1ed4e0-46bf-4c9b-aad0-243863a5eb66,5/2/2024 2:00:59 AM,MichelleDPL,5/2/2024 2:00:59 AM,MichelleDPL,-108.328241166667,38.6703166666667
49,a8ff80e5-e2be-4d43-bb54-01d4d7a4652e,34.48,-,0.03,,1,,3,10,1714586400000,,1,NS,ee1ed4e0-46bf-4c9b-aad0-243863a5eb66,5/2/2024 2:00:59 AM,MichelleDPL,5/2/2024 2:00:59 AM,MichelleDPL,-108.328251333333,38.670321
50,9b95d097-2408-49ca-bb0e-8e2a9a6e8ab7,3.47,+,0.86,,1,,3,10,1714586400000,,4,EW,f7e2ec6e-3487-4943-903c-d2caacc08a4e,5/2/2024 2:00:59 AM,MichelleDPL,5/2/2024 2:00:59 AM,MichelleDPL,-108.3280735,38.6702765
51,c1be2e2d-6f73-4a80-b502-8f76bd6081a7,6.15,+,0.16,,,1,3,10,1714586400000,,4,EW,f7e2ec6e-3487-4943-903c-d2caacc08a4e,5/2/2024 2:00:59 AM,MichelleDPL,5/2/2024 2:00:59 AM,MichelleDPL,-108.3280755,38.6702758333333
52,9c9760c2-f35b-4f3e-8f3e-66891d61d04d,6.35,-,0.1,,,2,3,10,1714586400000,,4,EW,f7e2ec6e-3487-4943-903c-d2caacc08a4e,5/2/2024 2:00:59 AM,MichelleDPL,5/2/2024 2:00:59 AM,MichelleDPL,-108.328106,38.6702656666667
53,7acca758-665f-4beb-81c9-50f26c2c4e30,6.68,-,2.38,,1,,3,10,1714586400000,,4,EW,f7e2ec6e-3487-4943-903c-d2caacc08a4e,5/2/2024 2:00:59 AM,MichelleDPL,5/2/2024 2:00:59 AM,MichelleDPL,-108.328102166667,38.6702353333333
54,ccd2a2a0-a243-4e01-a493-d98df1931d27,10,-,1.87,,,1,3,10,1714586400000,,4,EW,f7e2ec6e-3487-4943-903c-d2caacc08a4e,5/2/2024 2:00:59 AM,MichelleDPL,5/2/2024 2:00:59 AM,MichelleDPL,-108.328165,38.6702578333333
55,f235ab8e-9659-410e-a208-e488d60e4403,10.1,-,0.48,,,1,3,10,1714586400000,,4,EW,f7e2ec6e-3487-4943-903c-d2caacc08a4e,5/2/2024 2:00:59 AM,MichelleDPL,5/2/2024 2:00:59 AM,MichelleDPL,-108.32817,38.670274
56,9595c654-5805-4f4e-9148-0761fbcd6ab3,16.53,+,0.27,,1,,3,10,1714586400000,,4,EW,f7e2ec6e-3487-4943-903c-d2caacc08a4e,5/2/2024 2:00:59 AM,MichelleDPL,5/2/2024 2:00:59 AM,MichelleDPL,-108.328244166667,38.670288
57,dac1e838-1923-403c-a6dc-92842af426ca,17.05,+,0.14,,1,,3,10,1714586400000,,4,EW,f7e2ec6e-3487-4943-903c-d2caacc08a4e,5/2/2024 2:00:59 AM,MichelleDPL,5/2/2024 2:00:59 AM,MichelleDPL,-108.328244333333,38.6702868333333
58,c3c2aaaa-d700-4c09-a771-9b4708447bc3,18.02,+,0.18,,7,2,3,10,1714586400000,,4,EW,f7e2ec6e-3487-4943-903c-d2caacc08a4e,5/2/2024 2:00:59 AM,MichelleDPL,5/2/2024 2:00:59 AM,MichelleDPL,-108.328223833333,38.6702768333333
59,f2687f68-0624-4e42-8376-417ee7a6e349,18.05,-,0.54,,1,,3,10,1714586400000,,4,EW,f7e2ec6e-3487-4943-903c-d2caacc08a4e,5/2/2024 2:00:59 AM,MichelleDPL,5/2/2024 2:00:59 AM,MichelleDPL,-108.328236333333,38.6702731666667
60,8357abea-d444-496d-ad60-7a63cebad493,18.2,-,0.19,,1,,3,10,1714586400000,,4,EW,f7e2ec6e-3487-4943-903c-d2caacc08a4e,5/2/2024 2:00:59 AM,MichelleDPL,5/2/2024 2:00:59 AM,MichelleDPL,-108.328236666667,38.6702733333333
61,0eff2255-2ac5-4def-bab0-5f7878a23f2c,18.25,-,0.54,,1,,3,10,1714586400000,,4,EW,f7e2ec6e-3487-4943-903c-d2caacc08a4e,5/2/2024 2:00:59 AM,MichelleDPL,5/2/2024 2:00:59 AM,MichelleDPL,-108.328250166667,38.6702735
62,61710345-c919-49ad-a7a3-b5baddd3c8c2,18.56,-,0.31,,,1,3,10,1714586400000,,4,EW,f7e2ec6e-3487-4943-903c-d2caacc08a4e,5/2/2024 2:00:59 AM,MichelleDPL,5/2/2024 2:00:59 AM,MichelleDPL,-108.328255166667,38.6702711666667
63,31354154-bdf6-4ee3-b127-a7ebc54f9fcc,20.66,+,0.51,,1,,3,10,1714586400000,,4,EW,f7e2ec6e-3487-4943-903c-d2caacc08a4e,5/2/2024 2:00:59 AM,MichelleDPL,5/2/2024 2:00:59 AM,MichelleDPL,-108.328266833333,38.6702908333333
64,88178d2b-2e23-437c-8968-eff0f8c6812b,27.42,+,0.37,,,1,3,10,1714586400000,,4,EW,f7e2ec6e-3487-4943-903c-d2caacc08a4e,5/2/2024 2:00:59 AM,MichelleDPL,5/2/2024 2:00:59 AM,MichelleDPL,-108.328340166667,38.6703058333333
65,6188d972-098a-47ba-be5c-dc941730547a,28.6,-,0.48,,,1,3,10,1714586400000,,4,EW,f7e2ec6e-3487-4943-903c-d2caacc08a4e,5/2/2024 2:00:59 AM,MichelleDPL,5/2/2024 2:00:59 AM,MichelleDPL,-108.328364666667,38.6702983333333
66,41191c38-1f3c-4a7c-8969-dc7f7a5b8cbc,29.78,+,0.64,,,1,3,10,1714586400000,,4,EW,f7e2ec6e-3487-4943-903c-d2caacc08a4e,5/2/2024 2:00:59 AM,MichelleDPL,5/2/2024 2:00:59 AM,MichelleDPL,-108.3283815,38.6703063333333
67,d76a76ca-34bc-4d74-945f-7a2f085eafb4,30.1,-,1.98,,,1,3,10,1714586400000,,4,EW,f7e2ec6e-3487-4943-903c-d2caacc08a4e,5/2/2024 2:00:59 AM,MichelleDPL,5/2/2024 2:00:59 AM,MichelleDPL,-108.328396166667,38.6702778333333
68,f3b617b6-00ec-4f10-8782-87188ec63e2f,30.3,+,1.74,,,1,3,10,1714586400000,,4,EW,f7e2ec6e-3487-4943-903c-d2caacc08a4e,5/2/2024 2:00:59 AM,MichelleDPL,5/2/2024 2:00:59 AM,MichelleDPL,-108.328386166667,38.670312
69,8804427e-f027-4426-a81f-35c101d507fd,31.2,-,2.28,,1,,3,10,1714586400000,,4,EW,f7e2ec6e-3487-4943-903c-d2caacc08a4e,5/2/2024 2:00:59 AM,MichelleDPL,5/2/2024 2:00:59 AM,MichelleDPL,-108.328398666667,38.6702703333333
70,b9b4b406-5d52-4c4f-8c80-d282ef13d959,32.23,+,0.4,,2,1,3,10,1714586400000,,4,EW,f7e2ec6e-3487-4943-903c-d2caacc08a4e,5/2/2024 2:00:59 AM,MichelleDPL,5/2/2024 2:00:59 AM,MichelleDPL,-108.328406166667,38.6702965
71,7ade94a9-5bb1-4d97-866d-a94a8a429625,33.2,,0.52,,,1,3,10,1714586400000,,4,EW,f7e2ec6e-3487-4943-903c-d2caacc08a4e,5/2/2024 2:00:59 AM,MichelleDPL,5/2/2024 2:00:59 AM,MichelleDPL,-108.3284085,38.6702953333333
72,3c1ca9c4-b1c2-4619-a10c-93c9230d377e,33.24,-,1.42,,,1,3,10,1714586400000,,4,EW,f7e2ec6e-3487-4943-903c-d2caacc08a4e,5/2/2024 2:00:59 AM,MichelleDPL,5/2/2024 2:00:59 AM,MichelleDPL,-108.3284265,38.670304
73,d33223ec-ff6b-4806-8f98-b621885df6fd,34.14,-,0.94,,,1,3,10,1714586400000,,4,EW,f7e2ec6e-3487-4943-903c-d2caacc08a4e,5/2/2024 2:00:59 AM,MichelleDPL,5/2/2024 2:00:59 AM,MichelleDPL,-108.3284505,38.6702986666667
74,a3ab0dbf-15d8-4aff-b5de-e1b6c53c5382,34.46,-,0.86,,,1,3,10,1714586400000,,4,EW,f7e2ec6e-3487-4943-903c-d2caacc08a4e,5/2/2024 2:00:59 AM,MichelleDPL,5/2/2024 2:00:59 AM,MichelleDPL,-108.328450666667,38.6702985
75,d6eb7f10-a641-4a82-b998-bdb2c8b9ef4d,34.9,-,0.26,,1,,3,10,1714586400000,,4,EW,f7e2ec6e-3487-4943-903c-d2caacc08a4e,5/2/2024 2:00:59 AM,MichelleDPL,5/2/2024 2:00:59 AM,MichelleDPL,-108.3284605,38.6703068333333
76,6cbbbbe7-ab20-45b1-9653-609ef561bee6,35.83,+,0.4,,,1,3,10,1714586400000,,4,EW,f7e2ec6e-3487-4943-903c-d2caacc08a4e,5/2/2024 2:00:59 AM,MichelleDPL,5/2/2024 2:00:59 AM,MichelleDPL,-108.3284695,38.6703136666667
77,8200fc04-6984-45d4-bcfa-a89814f64708,37.02,-,0.12,,1,,3,10,1714586400000,,4,EW,f7e2ec6e-3487-4943-903c-d2caacc08a4e,5/2/2024 2:00:59 AM,MichelleDPL,5/2/2024 2:00:59 AM,MichelleDPL,-108.328462333333,38.670311
78,349b8a6f-8d0b-41e5-bc10-de9b112db1bd,31.17,+,0.09,,1,,3,10,1714586400000,,4,EW,f7e2ec6e-3487-4943-903c-d2caacc08a4e,5/2/2024 2:00:59 AM,MichelleDPL,5/2/2024 2:00:59 AM,MichelleDPL,-108.328463666667,38.6703148333333
79,ae15e892-fc88-4eb6-a16a-b2c96a78d08f,31.12,+,0.26,,,2,3,10,1714586400000,,4,EW,f7e2ec6e-3487-4943-903c-d2caacc08a4e,5/2/2024 2:00:59 AM,MichelleDPL,5/2/2024 2:00:59 AM,MichelleDPL,-108.3284585,38.6703151666667
80,0e8bb903-9667-4b96-ac43-1b1a0d695add,37.93,-,0.05,,1,,3,10,1714586400000,,4,EW,f7e2ec6e-3487-4943-903c-d2caacc08a4e,5/2/2024 2:00:59 AM,MichelleDPL,5/2/2024 2:00:59 AM,MichelleDPL,-108.328459333333,38.6703161666667
81,82d2fdaf-d267-488c-93ae-2986a65523b7,38.2,-,1.72,,,1,3,10,1714586400000,,4,EW,f7e2ec6e-3487-4943-903c-d2caacc08a4e,5/2/2024 2:00:59 AM,MichelleDPL,5/2/2024 2:00:59 AM,MichelleDPL,-108.328466166667,38.670323
82,13bde390-f347-4b94-8f8f-fb4efe664362,38.55,+,0.44,,4,,3,10,1714586400000,,4,EW,f7e2ec6e-3487-4943-903c-d2caacc08a4e,5/2/2024 2:00:59 AM,MichelleDPL,5/2/2024 2:00:59 AM,MichelleDPL,-108.328495833333,38.6703303333333
83,2d8caf65-697a-4691-a4f7-fafff161cc32,42.43,-,0.12,,,1,3,10,1714586400000,,4,EW,f7e2ec6e-3487-4943-903c-d2caacc08a4e,5/2/2024 2:00:59 AM,MichelleDPL,5/2/2024 2:00:59 AM,MichelleDPL,-108.328496166667,38.6703293333333
84,81a140ad-26df-4a0b-ba7e-cd2c8bdeedd1,42.65,-,0.41,,1,,3,10,1714586400000,,4,EW,f7e2ec6e-3487-4943-903c-d2caacc08a4e,5/2/2024 2:00:59 AM,MichelleDPL,5/2/2024 2:00:59 AM,MichelleDPL,-108.328529833333,38.6703346666667
85,e73e396c-e9cd-4832-b23e-2e63c7faa452,42.31,+,0.2,,4,5,3,10,1714586400000,,4,EW,f7e2ec6e-3487-4943-903c-d2caacc08a4e,5/2/2024 2:00:59 AM,MichelleDPL,5/2/2024 2:00:59 AM,MichelleDPL,-108.3285215,38.670325
86,f2cc0a68-ef3d-4b7a-af3d-493d6744cd37,42.85,-,1.83,,,1,3,10,1714586400000,,4,EW,f7e2ec6e-3487-4943-903c-d2caacc08a4e,5/2/2024 2:00:59 AM,MichelleDPL,5/2/2024 2:00:59 AM,MichelleDPL,-108.328542166667,38.6703196666667
87,416a8736-5309-4e03-ae05-7b668bb84d2b,43.2,-,0.6,,,2,3,10,1714586400000,,4,EW,f7e2ec6e-3487-4943-903c-d2caacc08a4e,5/2/2024 2:00:59 AM,MichelleDPL,5/2/2024 2:00:59 AM,MichelleDPL,-108.328551,38.6703348333333
88,5c349c5a-3304-40f5-ba95-8a021d9b845f,43.82,-,0.2,,,2,3,10,1714586400000,,4,EW,f7e2ec6e-3487-4943-903c-d2caacc08a4e,5/2/2024 2:00:59 AM,MichelleDPL,5/2/2024 2:00:59 AM,MichelleDPL,-108.3285575,38.6703313333333
89,932f798b-76d6-4a7e-aad0-d25f689f2570,43.75,+,0.85,,,1,3,10,1714586400000,,4,EW,f7e2ec6e-3487-4943-903c-d2caacc08a4e,5/2/2024 2:00:59 AM,MichelleDPL,5/2/2024 2:00:59 AM,MichelleDPL,-108.328560833333,38.6703315
90,68e48d5b-ed3e-4d7d-a0bb-f709ad82f00b,44.22,+,0.12,,4,1,3,10,1714586400000,,4,EW,f7e2ec6e-3487-4943-903c-d2caacc08a4e,5/2/2024 2:00:59 AM,MichelleDPL,5/2/2024 2:00:59 AM,MichelleDPL,-108.3285445,38.6703376666667
91,4045f3fc-505c-466a-a9ed-179e9a2405e9,44.1,+,0.34,,1,,3,10,1714586400000,,4,EW,f7e2ec6e-3487-4943-903c-d2caacc08a4e,5/2/2024 2:00:59 AM,MichelleDPL,5/2/2024 2:00:59 AM,MichelleDPL,-108.328536,38.670335
92,cf1d2848-bbe1-47d6-84be-11782185af92,44.5,+,0.04,,1,,3,10,1714586400000,,4,EW,f7e2ec6e-3487-4943-903c-d2caacc08a4e,5/2/2024 2:00:59 AM,MichelleDPL,5/2/2024 2:00:59 AM,MichelleDPL,-108.328539166667,38.6703323333333
93,5172602b-fafb-4de0-958e-4f6ad39e7af4,44.7,-,0.31,,1,2,3,10,1714586400000,,4,EW,f7e2ec6e-3487-4943-903c-d2caacc08a4e,5/2/2024 2:00:59 AM,MichelleDPL,5/2/2024 2:00:59 AM,MichelleDPL,-108.328540833333,38.6703355
94,9538ca08-2c15-4f15-9494-3252167bcc7e,44.65,-,0.52,,,1,3,10,1714586400000,,4,EW,f7e2ec6e-3487-4943-903c-d2caacc08a4e,5/2/2024 2:00:59 AM,MichelleDPL,5/2/2024 2:00:59 AM,MichelleDPL,-108.3285565,38.6703285
95,611f176b-045f-4c97-bfaf-b5df3f18adad,44.1,-,2.48,,,1,3,10,1714586400000,,4,EW,f7e2ec6e-3487-4943-903c-d2caacc08a4e,5/2/2024 2:00:59 AM,MichelleDPL,5/2/2024 2:00:59 AM,MichelleDPL,-108.328566,38.6703121666667
96,9130421c-85c2-453d-9bcc-a5a72484600e,45.5,-,1.42,,,1,3,10,1714586400000,,4,EW,f7e2ec6e-3487-4943-903c-d2caacc08a4e,5/2/2024 2:00:59 AM,MichelleDPL,5/2/2024 2:00:59 AM,MichelleDPL,-108.328565833333,38.670312
97,580ddd8f-46d1-441b-811e-15aaad633e90,47.96,,0.6,,1,,3,10,1714586400000,,4,EW,f7e2ec6e-3487-4943-903c-d2caacc08a4e,5/2/2024 2:00:59 AM,MichelleDPL,5/2/2024 2:00:59 AM,MichelleDPL,-108.3285805,38.6703158333333
98,f8a81de9-64ba-4f42-8a4b-3cb7a0a6fb34,48.15,+,1.6,,,1,3,10,1714586400000,,4,EW,f7e2ec6e-3487-4943-903c-d2caacc08a4e,5/2/2024 2:00:59 AM,MichelleDPL,5/2/2024 2:00:59 AM,MichelleDPL,-108.328586666667,38.670347
99,154ab432-d651-48d1-a619-af66cfe7685b,22.02,-,2.17,,1,1,1,10,1714586400000,,1,EW,72d8a244-bd42-4b83-b946-7f9e19d9f3c7,5/2/2024 2:01:00 AM,MichelleDPL,5/2/2024 2:01:00 AM,MichelleDPL,-108.328561333333,38.6700356666667
100,10bcb683-439b-469c-9d6c-ec4ef2ef4baf,21.1,-,1.3,,1,,1,10,1714586400000,,1,EW,72d8a244-bd42-4b83-b946-7f9e19d9f3c7,5/2/2024 2:01:00 AM,MichelleDPL,5/2/2024 2:01:00 AM,MichelleDPL,-108.328559333333,38.6700395
101,e9f3c973-7a73-4837-a093-0d65735e71ed,21.04,-,0.28,,,1,1,10,1714586400000,,1,EW,72d8a244-bd42-4b83-b946-7f9e19d9f3c7,5/2/2024 2:01:00 AM,MichelleDPL,5/2/2024 2:01:00 AM,MichelleDPL,-108.328561,38.6700421666667
102,09697dc4-593d-4060-ad5c-0e94ba8cc0c0,20.45,-,0.45,,,1,1,10,1714586400000,,1,EW,72d8a244-bd42-4b83-b946-7f9e19d9f3c7,5/2/2024 2:01:00 AM,MichelleDPL,5/2/2024 2:01:00 AM,MichelleDPL,-108.328556166667,38.6700436666667
103,6c180c6f-7c72-4b88-a3db-c6ab50148e27,4.1,-,0.4,0,1,1,3,10,1714586400000,,3,NS,862e99e6-6056-46ce-aeb7-9f166db91a6d,5/2/2024 2:01:03 AM,MichelleDPL,5/2/2024 2:01:03 AM,MichelleDPL,-108.328547666667,38.6699146666667
104,330c1a2b-bd1c-46dd-9480-b26632480172,12,+,0.38,0,1,0,3,10,1714586400000,,3,NS,862e99e6-6056-46ce-aeb7-9f166db91a6d,5/2/2024 2:01:03 AM,MichelleDPL,5/2/2024 2:01:03 AM,MichelleDPL,-108.328531557018,38.6699681359649
105,593d9cec-fa03-4881-ba53-cb4531786208,12,+,0.6,0,1,0,3,10,1714586400000,,3,NS,862e99e6-6056-46ce-aeb7-9f166db91a6d,5/2/2024 2:01:03 AM,MichelleDPL,5/2/2024 2:01:03 AM,MichelleDPL,-108.32854025,38.669984
106,aa73a22c-a8b0-4d5f-8799-6fc1c21ec6bb,16,+,0.82,,1,1,3,10,1714586400000,,3,NS,862e99e6-6056-46ce-aeb7-9f166db91a6d,5/2/2024 2:01:03 AM,MichelleDPL,5/2/2024 2:01:03 AM,MichelleDPL,-108.328517166667,38.670005
107,297d4b98-6d1c-4be4-aca2-ff47e3385327,16.65,+,0.33,0,0,1,3,10,1714586400000,,3,NS,862e99e6-6056-46ce-aeb7-9f166db91a6d,5/2/2024 2:01:03 AM,MichelleDPL,5/2/2024 2:01:03 AM,MichelleDPL,-108.328523291667,38.670015375
108,d0704b71-3354-4a90-8a92-11151e8daf12,17.07,+,0.68,,1,,3,10,1714586400000,,3,NS,862e99e6-6056-46ce-aeb7-9f166db91a6d,5/2/2024 2:01:03 AM,MichelleDPL,5/2/2024 2:01:03 AM,MichelleDPL,-108.3285341,38.6700193333333
109,d57c3e42-f8a4-4b12-9704-712bc66d97bf,19.1,-,1.07,,,1,3,10,1714586400000,,3,NS,862e99e6-6056-46ce-aeb7-9f166db91a6d,5/2/2024 2:01:03 AM,MichelleDPL,5/2/2024 2:01:03 AM,MichelleDPL,-108.328547333333,38.6700458888889
110,1af6fb52-1d37-49d4-832b-23fdd2f039a6,19.75,+,0.35,,,1,3,10,1714586400000,,3,NS,862e99e6-6056-46ce-aeb7-9f166db91a6d,5/2/2024 2:01:03 AM,MichelleDPL,5/2/2024 2:01:03 AM,MichelleDPL,-108.328528166667,38.6700414814815
111,7706c72b-76b7-44b1-9def-5c043e4afa37,22.7,+,2.04,,1,,3,10,1714586400000,,3,NS,862e99e6-6056-46ce-aeb7-9f166db91a6d,5/2/2024 2:01:03 AM,MichelleDPL,5/2/2024 2:01:03 AM,MichelleDPL,-108.328497725,38.6700635
112,31c27309-b185-47f7-a9d5-6d93601e83b7,52.4,+,1.9,,,1,3,10,1714586400000,,3,NS,862e99e6-6056-46ce-aeb7-9f166db91a6d,5/2/2024 2:01:03 AM,MichelleDPL,5/2/2024 2:01:03 AM,MichelleDPL,-108.328499285714,38.6700873809524
113,9d5a48d5-04bf-426a-9bac-555e80567376,26.49,+,0.23,,,1,3,10,1714586400000,,3,NS,862e99e6-6056-46ce-aeb7-9f166db91a6d,5/2/2024 2:01:03 AM,MichelleDPL,5/2/2024 2:01:03 AM,MichelleDPL,-108.328517,38.6701086666667
114,41d8cfb2-a019-4822-b70b-3ea9edb22919,25.75,-,2.5,,,1,3,10,1714586400000,,3,NS,862e99e6-6056-46ce-aeb7-9f166db91a6d,5/2/2024 2:01:03 AM,MichelleDPL,5/2/2024 2:01:03 AM,MichelleDPL,-108.328551653846,38.6701227350427
115,f7e2419e-084e-4028-b8fe-9ae0275f54f4,41.85,+,0.34,,3,,3,10,1714586400000,,3,NS,862e99e6-6056-46ce-aeb7-9f166db91a6d,5/2/2024 2:01:03 AM,MichelleDPL,5/2/2024 2:01:03 AM,MichelleDPL,-108.328484958333,38.67023725
116,72aee68f-9b3c-4886-99f6-d9c34ce5b7ec,44.3,-,0.055,,1,1,3,10,1714586400000,,3,NS,862e99e6-6056-46ce-aeb7-9f166db91a6d,5/2/2024 2:01:03 AM,MichelleDPL,5/2/2024 2:01:03 AM,MichelleDPL,-108.328491833333,38.6702543333333
117,aecdaab3-c6c2-463e-9fbd-b9e22f864fe7,44.71,-,0.02,,,1,3,10,1714586400000,,3,NS,862e99e6-6056-46ce-aeb7-9f166db91a6d,5/2/2024 2:01:03 AM,MichelleDPL,5/2/2024 2:01:03 AM,MichelleDPL,-108.328495,38.6702545
118,5c10b010-77bf-41fe-91b1-991013a9f7fd,47.82,+,1.65,,,1,3,10,1714586400000,,3,NS,862e99e6-6056-46ce-aeb7-9f166db91a6d,5/2/2024 2:01:03 AM,MichelleDPL,5/2/2024 2:01:03 AM,MichelleDPL,-108.328468904762,38.6702855714286
119,9f7d8031-78e3-4f95-9d83-515d1aaa945c,,,,,,,3,10,1714586400000,,3,NS,862e99e6-6056-46ce-aeb7-9f166db91a6d,5/2/2024 2:01:03 AM,MichelleDPL,5/2/2024 2:01:03 AM,MichelleDPL,-108.328467,38.6702853333333
120,f53fadda-567d-42d5-a44c-c6928e02c70f,0.5,+,0.31,,,1,3,10,1714586400000,,3,EW,7e045b7d-b67c-442b-8cd9-e7811c60e29d,5/2/2024 2:01:04 AM,MichelleDPL,5/2/2024 2:01:04 AM,MichelleDPL,-108.32848,38.6703133333333
121,fb0ed7b5-da40-4fb8-82b1-978b89f04c30,0.8,+,0.385,,1,1,3,10,1714586400000,,3,EW,7e045b7d-b67c-442b-8cd9-e7811c60e29d,5/2/2024 2:01:04 AM,MichelleDPL,5/2/2024 2:01:04 AM,MichelleDPL,-108.328172166667,38.6702071666667
122,9dd08b07-a3be-4836-84c1-fe926e8f33fc,1,-,0.05,,1,1,3,10,1714586400000,,3,EW,7e045b7d-b67c-442b-8cd9-e7811c60e29d,5/2/2024 2:01:04 AM,MichelleDPL,5/2/2024 2:01:04 AM,MichelleDPL,-108.328172333333,38.6702086666667
123,6e3e72f9-79ab-4942-bea6-6300461657d3,1.05,-,0.42,,1,,3,10,1714586400000,,3,EW,7e045b7d-b67c-442b-8cd9-e7811c60e29d,5/2/2024 2:01:04 AM,MichelleDPL,5/2/2024 2:01:04 AM,MichelleDPL,-108.32818,38.6702023333333
124,29564b0f-e84d-4a8c-8b20-b82dfb526d9b,1.15,-,0.135,,,2,3,10,1714586400000,,3,EW,7e045b7d-b67c-442b-8cd9-e7811c60e29d,5/2/2024 2:01:04 AM,MichelleDPL,5/2/2024 2:01:04 AM,MichelleDPL,-108.328171333333,38.670199
125,3714378c-f9ec-46db-b742-b214b543cfe2,1.15,+,0.2,,2,,3,10,1714586400000,,3,EW,7e045b7d-b67c-442b-8cd9-e7811c60e29d,5/2/2024 2:01:04 AM,MichelleDPL,5/2/2024 2:01:04 AM,MichelleDPL,-108.328183333333,38.6701821666667
126,0c6bdb3b-ba95-404e-ab99-194be7db6788,2.55,+,0.25,,1,,3,10,1714586400000,,3,EW,7e045b7d-b67c-442b-8cd9-e7811c60e29d,5/2/2024 2:01:04 AM,MichelleDPL,5/2/2024 2:01:04 AM,MichelleDPL,-108.328186833333,38.6701803333333
127,626043d0-0e0f-42f8-8978-12801bfe92e4,2.95,+,0.58,,1,,3,10,1714586400000,,3,EW,7e045b7d-b67c-442b-8cd9-e7811c60e29d,5/2/2024 2:01:04 AM,MichelleDPL,5/2/2024 2:01:04 AM,MichelleDPL,-108.328199777778,38.6701938055556
128,0a8ae7f5-8fac-4436-a8e0-6183065ec0b8,2.7,+,1.16,,1,,3,10,1714586400000,,3,EW,7e045b7d-b67c-442b-8cd9-e7811c60e29d,5/2/2024 2:01:04 AM,MichelleDPL,5/2/2024 2:01:04 AM,MichelleDPL,0,0
129,5465cb8f-cfe2-458a-9012-8a405bf543d6,3.55,-,2.02,,1,8,3,10,1714586400000,,3,EW,7e045b7d-b67c-442b-8cd9-e7811c60e29d,5/2/2024 2:01:04 AM,MichelleDPL,5/2/2024 2:01:04 AM,MichelleDPL,-108.328229075758,38.6701646363636
130,10c164d7-c984-4dce-b5ec-8c85b1bbd82e,4.6,-,1.04,,1,,3,10,1714586400000,,3,EW,7e045b7d-b67c-442b-8cd9-e7811c60e29d,5/2/2024 2:01:04 AM,MichelleDPL,5/2/2024 2:01:04 AM,MichelleDPL,-108.328234166667,38.670158
131,7129cc4d-48c9-4541-b5fb-cea2076ca0e9,5.05,-,0.54,,1,,3,10,1714586400000,,3,EW,7e045b7d-b67c-442b-8cd9-e7811c60e29d,5/2/2024 2:01:04 AM,MichelleDPL,5/2/2024 2:01:04 AM,MichelleDPL,-108.328238833333,38.6701720416667
132,ef687cfa-972a-47a1-9bab-1e64415607c5,6.6,+,0.73,,2,,3,10,1714586400000,,3,EW,7e045b7d-b67c-442b-8cd9-e7811c60e29d,5/2/2024 2:01:04 AM,MichelleDPL,5/2/2024 2:01:04 AM,MichelleDPL,0,0
133,781997bf-693e-48b5-bcef-67a371931152,7.1,+,0.05,,,1,3,10,1714586400000,,3,EW,7e045b7d-b67c-442b-8cd9-e7811c60e29d,5/2/2024 2:01:04 AM,MichelleDPL,5/2/2024 2:01:04 AM,MichelleDPL,-108.328246333333,38.6701841666667
134,456edad6-2d66-483b-99ae-051316ac6624,7.35,-,0.375,,,1,3,10,1714586400000,,3,EW,7e045b7d-b67c-442b-8cd9-e7811c60e29d,5/2/2024 2:01:04 AM,MichelleDPL,5/2/2024 2:01:04 AM,MichelleDPL,-108.328251833333,38.6701901666667
135,db435fcc-8c99-41eb-8069-209d8c5f0f02,7.05,-,1.41,,1,,3,10,1714586400000,,3,EW,7e045b7d-b67c-442b-8cd9-e7811c60e29d,5/2/2024 2:01:04 AM,MichelleDPL,5/2/2024 2:01:04 AM,MichelleDPL,-108.328248833333,38.6701925
136,ea0d94bb-5b0b-461d-b354-509b26e03467,8.1,+,0.91,,1,1,3,10,1714586400000,,3,EW,7e045b7d-b67c-442b-8cd9-e7811c60e29d,5/2/2024 2:01:04 AM,MichelleDPL,5/2/2024 2:01:04 AM,MichelleDPL,-108.32825402381,38.6702119761905
137,f076db13-6791-4078-a273-3ab241b100e6,8.35,+,0.29,,1,,3,10,1714586400000,,3,EW,7e045b7d-b67c-442b-8cd9-e7811c60e29d,5/2/2024 2:01:04 AM,MichelleDPL,5/2/2024 2:01:04 AM,MichelleDPL,0,0
138,c707e480-6b1e-4215-b553-43599f870884,8.55,+,0.3,,1,,3,10,1714586400000,,3,EW,7e045b7d-b67c-442b-8cd9-e7811c60e29d,5/2/2024 2:01:04 AM,MichelleDPL,5/2/2024 2:01:04 AM,MichelleDPL,0,0
139,4549737b-fe89-469b-9587-233a81ac08ff,9.15,+,0.97,,1,,3,10,1714586400000,,3,EW,7e045b7d-b67c-442b-8cd9-e7811c60e29d,5/2/2024 2:01:04 AM,MichelleDPL,5/2/2024 2:01:04 AM,MichelleDPL,0,0
140,2618aeda-9794-4bed-b607-00294511adc3,9.85,+,1.82,,2,,3,10,1714586400000,,3,EW,7e045b7d-b67c-442b-8cd9-e7811c60e29d,5/2/2024 2:01:04 AM,MichelleDPL,5/2/2024 2:01:04 AM,MichelleDPL,-108.32826575,38.6702106666667
141,71998917-b9e0-4064-9d11-725d8cc5614d,9.63,-,0.04,,4,,3,10,1714586400000,,3,EW,7e045b7d-b67c-442b-8cd9-e7811c60e29d,5/2/2024 2:01:04 AM,MichelleDPL,5/2/2024 2:01:04 AM,MichelleDPL,0,0
142,671e96f0-7fe0-4502-83fd-504469f5ba7e,10.55,+,0.36,,1,,3,10,1714586400000,,3,EW,7e045b7d-b67c-442b-8cd9-e7811c60e29d,5/2/2024 2:01:04 AM,MichelleDPL,5/2/2024 2:01:04 AM,MichelleDPL,0,0
143,581e351f-b0be-45ab-91a0-3f452301d826,11.3,-,1.32,1,3,1,3,10,1714586400000,,3,EW,7e045b7d-b67c-442b-8cd9-e7811c60e29d,5/2/2024 2:01:04 AM,MichelleDPL,5/2/2024 2:01:04 AM,MichelleDPL,-108.328319291667,38.670184625
144,00b70b90-1d58-48c4-8d93-1d474d74cd8c,11,-,0.81,,2,1,3,10,1714586400000,,3,EW,7e045b7d-b67c-442b-8cd9-e7811c60e29d,5/2/2024 2:01:04 AM,MichelleDPL,5/2/2024 2:01:04 AM,MichelleDPL,0,0
145,761a000d-e4e5-4399-bb64-7b42a6aff0ad,12.05,+,1.85,,,1,3,10,1714586400000,,3,EW,7e045b7d-b67c-442b-8cd9-e7811c60e29d,5/2/2024 2:01:04 AM,MichelleDPL,5/2/2024 2:01:04 AM,MichelleDPL,0,0
146,6cacce89-a4c5-48ce-8410-3891899dfc5f,12.22,+,1.94,,1,,3,10,1714586400000,,3,EW,7e045b7d-b67c-442b-8cd9-e7811c60e29d,5/2/2024 2:01:04 AM,MichelleDPL,5/2/2024 2:01:04 AM,MichelleDPL,0,0
147,cd136efd-13d1-4c4c-9793-6d30681f7500,13.8,+,1.66,,,1,3,10,1714586400000,,3,EW,7e045b7d-b67c-442b-8cd9-e7811c60e29d,5/2/2024 2:01:04 AM,MichelleDPL,5/2/2024 2:01:04 AM,MichelleDPL,-108.328308166667,38.6702255
148,cb6ad7f4-ee6e-4246-9678-b37b49cb48e3,13.25,-,0.63,,,1,3,10,1714586400000,,3,EW,7e045b7d-b67c-442b-8cd9-e7811c60e29d,5/2/2024 2:01:04 AM,MichelleDPL,5/2/2024 2:01:04 AM,MichelleDPL,0,0
149,4feba763-98b5-4f48-8354-46f50ac91979,13.15,-,1.42,,,1,3,10,1714586400000,,3,EW,7e045b7d-b67c-442b-8cd9-e7811c60e29d,5/2/2024 2:01:04 AM,MichelleDPL,5/2/2024 2:01:04 AM,MichelleDPL,-108.328316166667,38.6702245
150,911b0507-b345-4def-a513-29e2afca0e77,13.9,+,0.1,,,1,3,10,1714586400000,,3,EW,7e045b7d-b67c-442b-8cd9-e7811c60e29d,5/2/2024 2:01:04 AM,MichelleDPL,5/2/2024 2:01:04 AM,MichelleDPL,-108.328314,38.6702165
151,2650ec28-4198-485d-9609-06278a507054,14.6,-,1.32,,,1,3,10,1714586400000,,3,EW,7e045b7d-b67c-442b-8cd9-e7811c60e29d,5/2/2024 2:01:04 AM,MichelleDPL,5/2/2024 2:01:04 AM,MichelleDPL,-108.328319833333,38.6702231666667
152,2fbe8b8a-926c-44ff-8752-72c0bd86c95e,16.05,-,2.14,,1,2,3,10,1714586400000,,3,EW,7e045b7d-b67c-442b-8cd9-e7811c60e29d,5/2/2024 2:01:04 AM,MichelleDPL,5/2/2024 2:01:04 AM,MichelleDPL,-108.3283295,38.6702286666667
153,1c8d355f-6c17-4fd3-a3e4-7562dc49625c,17.3,+,0.73,,,1,3,10,1714586400000,,3,EW,7e045b7d-b67c-442b-8cd9-e7811c60e29d,5/2/2024 2:01:04 AM,MichelleDPL,5/2/2024 2:01:04 AM,MichelleDPL,-108.328376166667,38.6701876666667
154,55e4d4d4-727d-4aba-a9f0-3132e781624a,19.05,-,1.54,,1,,3,10,1714586400000,,3,EW,7e045b7d-b67c-442b-8cd9-e7811c60e29d,5/2/2024 2:01:04 AM,MichelleDPL,5/2/2024 2:01:04 AM,MichelleDPL,-108.328388166667,38.670187
155,5de2f8db-e908-48be-aca7-17bb3e4bc29e,22.25,-,1.79,,,1,3,10,1714586400000,,3,EW,7e045b7d-b67c-442b-8cd9-e7811c60e29d,5/2/2024 2:01:04 AM,MichelleDPL,5/2/2024 2:01:04 AM,MichelleDPL,-108.328392333333,38.6701703333333
156,d17e2ee8-c51a-4b21-8a65-e5ed0a010840,25.4,-,2,,,1,3,10,1714586400000,,3,EW,7e045b7d-b67c-442b-8cd9-e7811c60e29d,5/2/2024 2:01:04 AM,MichelleDPL,5/2/2024 2:01:04 AM,MichelleDPL,-108.328443333333,38.6701895
157,e2f78963-8aca-4bf6-b8b5-58658effe70a,28.05,+,0.21,,,1,3,10,1714586400000,,3,EW,7e045b7d-b67c-442b-8cd9-e7811c60e29d,5/2/2024 2:01:04 AM,MichelleDPL,5/2/2024 2:01:04 AM,MichelleDPL,-108.3284775,38.6701873333333
158,aa1af571-b53c-4d91-93c9-c7ec5c687ebb,30.45,+,1.85,,,1,3,10,1714586400000,,3,EW,7e045b7d-b67c-442b-8cd9-e7811c60e29d,5/2/2024 2:01:04 AM,MichelleDPL,5/2/2024 2:01:04 AM,MichelleDPL,-108.328474666667,38.6702221666667
159,0576f67e-1288-412c-a821-2bf180301356,34.2,+,1.42,,,1,3,10,1714586400000,,3,EW,7e045b7d-b67c-442b-8cd9-e7811c60e29d,5/2/2024 2:01:04 AM,MichelleDPL,5/2/2024 2:01:04 AM,MichelleDPL,-108.328512166667,38.6702541666667
160,6e3ad287-8e5c-4b0b-aff5-dc12385f42b3,38.95,+,1.67,,,1,3,10,1714586400000,,3,EW,7e045b7d-b67c-442b-8cd9-e7811c60e29d,5/2/2024 2:01:04 AM,MichelleDPL,5/2/2024 2:01:04 AM,MichelleDPL,-108.328545166667,38.6702541666667
161,2d3a3457-30d6-4517-908e-4651adb2dc0e,39.35,-,1.48,,,1,3,10,1714586400000,,3,EW,7e045b7d-b67c-442b-8cd9-e7811c60e29d,5/2/2024 2:01:04 AM,MichelleDPL,5/2/2024 2:01:04 AM,MichelleDPL,-108.328602,38.6702576666667
162,792cf83a-9a1c-466a-b1b1-282cb9fee099,52.45,+,1.37,,,1,3,10,1714586400000,,3,EW,7e045b7d-b67c-442b-8cd9-e7811c60e29d,5/2/2024 2:01:04 AM,MichelleDPL,5/2/2024 2:01:04 AM,MichelleDPL,-108.328634166667,38.6702083333333
163,d055bd49-d018-4fa0-9bd1-2cdd1e262eb5,,,,,,,3,10,1714586400000,,3,EW,7e045b7d-b67c-442b-8cd9-e7811c60e29d,5/2/2024 2:01:04 AM,MichelleDPL,5/2/2024 2:01:04 AM,MichelleDPL,-108.328753166667,38.6702821666667
164,d9a812af-0517-43d0-920a-b0dd25e1aec4,9.15,-,0.98,,3,,3,10,1714586400000,,2,EW,d4afe552-8906-41bb-aa10-f61871b99a0b,5/2/2024 2:01:05 AM,MichelleDPL,5/2/2024 2:01:05 AM,MichelleDPL,-108.328177666667,38.6701098333333
165,2052dad8-aaae-4a2b-8e93-e8f76ac39200,13.55,-,2.63,,,1,3,10,1714586400000,,2,EW,d4afe552-8906-41bb-aa10-f61871b99a0b,5/2/2024 2:01:05 AM,MichelleDPL,5/2/2024 2:01:05 AM,MichelleDPL,-108.328295833333,38.6700858333333
166,e92fbad9-1c73-4fb4-8633-a5cd6cb06724,13.75,-,2.9,,,1,3,10,1714586400000,,2,EW,d4afe552-8906-41bb-aa10-f61871b99a0b,5/2/2024 2:01:05 AM,MichelleDPL,5/2/2024 2:01:05 AM,MichelleDPL,-108.3283355,38.6700733333333
167,8c0bb13a-c8d7-44ad-872d-45bb7b7662b7,14.4,-,1.97,,1,3,3,10,1714586400000,,2,EW,d4afe552-8906-41bb-aa10-f61871b99a0b,5/2/2024 2:01:05 AM,MichelleDPL,5/2/2024 2:01:05 AM,MichelleDPL,-108.328335833333,38.6700715
168,2da40841-7b4c-4f07-8c80-6769e86bd48d,15.7,-,1.03,,,1,3,10,1714586400000,,2,EW,d4afe552-8906-41bb-aa10-f61871b99a0b,5/2/2024 2:01:05 AM,MichelleDPL,5/2/2024 2:01:05 AM,MichelleDPL,-108.328367166667,38.6700896666667
169,ac55e31c-003d-4de9-ba74-2a706547caac,17.35,-,1.89,,,1,3,10,1714586400000,,2,EW,d4afe552-8906-41bb-aa10-f61871b99a0b,5/2/2024 2:01:05 AM,MichelleDPL,5/2/2024 2:01:05 AM,MichelleDPL,-108.328368333333,38.6700835
170,d7d37d50-4c26-4862-8071-546b07e8b132,20.75,-,0.65,,1,,3,10,1714586400000,,2,EW,d4afe552-8906-41bb-aa10-f61871b99a0b,5/2/2024 2:01:05 AM,MichelleDPL,5/2/2024 2:01:05 AM,MichelleDPL,-108.328406666667,38.6701016666667
171,1f3c2320-e9b7-4737-a140-f9f56043f034,,,,,,,3,10,1714586400000,,2,EW,d4afe552-8906-41bb-aa10-f61871b99a0b,5/2/2024 2:01:05 AM,MichelleDPL,5/2/2024 2:01:05 AM,MichelleDPL,-108.3284125,38.6700903333333
172,071d5c23-a929-4048-ad29-f7608eaf857c,2,+,0.73,0,2,3,3,,1714586400000,,2,NS,d180306f-a8de-4528-b3e6-c040fcbbeb93,5/2/2024 2:02:18 AM,MichelleDPL,5/2/2024 2:02:18 AM,MichelleDPL,-108.328433266667,38.6699748333333
173,d555af43-799b-43f3-8f02-c5222adda279,3.6,+,1.73,0,1,1,3,,1714586400000,,2,NS,d180306f-a8de-4528-b3e6-c040fcbbeb93,5/2/2024 2:02:18 AM,MichelleDPL,5/2/2024 2:02:18 AM,MichelleDPL,-108.328430133333,38.6699815833333
174,cc4b618b-4c29-4610-8291-7790a44111b9,3.2,+,1.42,0,1,2,3,,1714586400000,,2,NS,d180306f-a8de-4528-b3e6-c040fcbbeb93,5/2/2024 2:02:18 AM,MichelleDPL,5/2/2024 2:02:18 AM,MichelleDPL,-108.3284323,38.6699860333333
175,5f85ba17-c58d-482d-88bc-053fb1f5b5be,3.55,-,3.33,0,1,2,3,,1714586400000,,2,NS,d180306f-a8de-4528-b3e6-c040fcbbeb93,5/2/2024 2:02:18 AM,MichelleDPL,5/2/2024 2:02:18 AM,MichelleDPL,-108.3284611,38.6699781666667
176,985f1696-bdf2-4160-ac20-3967fb7a42cc,3.65,+,0.13,0,0,1,3,,1714586400000,,2,NS,d180306f-a8de-4528-b3e6-c040fcbbeb93,5/2/2024 2:02:18 AM,MichelleDPL,5/2/2024 2:02:18 AM,MichelleDPL,-108.3284255,38.6699769666667
177,2e47b164-15ad-488a-940f-ce4c0554feb5,3.92,-,0.16,0,0,1,3,,1714586400000,,2,NS,d180306f-a8de-4528-b3e6-c040fcbbeb93,5/2/2024 2:02:18 AM,MichelleDPL,5/2/2024 2:02:18 AM,MichelleDPL,-108.328429516667,38.6699807
178,b281b656-b00c-4ac1-9c26-ab292fcf71ae,3.72,-,0.98,0,0,0,3,,1714586400000,,2,NS,d180306f-a8de-4528-b3e6-c040fcbbeb93,5/2/2024 2:02:18 AM,MichelleDPL,5/2/2024 2:02:18 AM,MichelleDPL,-108.32843885,38.6699819666667
179,a4542deb-43d3-4cdb-a9c5-e33daf32ab6f,4.7,-,0.13,0,0,1,3,,1714586400000,,2,NS,d180306f-a8de-4528-b3e6-c040fcbbeb93,5/2/2024 2:02:18 AM,MichelleDPL,5/2/2024 2:02:18 AM,MichelleDPL,-108.328427433333,38.66998075
180,1f9cbca3-acd6-4da4-ac83-df40560ac94b,4.9,-,2.37,0,0,1,3,,1714586400000,,2,NS,d180306f-a8de-4528-b3e6-c040fcbbeb93,5/2/2024 2:02:18 AM,MichelleDPL,5/2/2024 2:02:18 AM,MichelleDPL,-108.328458348485,38.6699913636364
181,594649fe-3fe7-4aea-9f50-14b20c59b923,5.75,-,1.48,0,0,1,3,,1714586400000,,2,NS,d180306f-a8de-4528-b3e6-c040fcbbeb93,5/2/2024 2:02:18 AM,MichelleDPL,5/2/2024 2:02:18 AM,MichelleDPL,-108.328446616667,38.6699939666667
182,876d7f57-432a-4c8b-a8a9-47f5dfbbde1a,6,-,1,0,5,2,3,,1714586400000,,2,NS,d180306f-a8de-4528-b3e6-c040fcbbeb93,5/2/2024 2:02:18 AM,MichelleDPL,5/2/2024 2:02:18 AM,MichelleDPL,-108.328438933333,38.6699912666667
183,56b84840-902c-4a63-b971-d13aefead40c,6.75,+,2.16,0,0,1,3,,1714586400000,,2,NS,d180306f-a8de-4528-b3e6-c040fcbbeb93,5/2/2024 2:02:18 AM,MichelleDPL,5/2/2024 2:02:18 AM,MichelleDPL,-108.328404283333,38.6700056
184,fc7e3fd3-330b-480e-a13f-f94b2d8b9034,8.2,-,1.24,1,0,1,3,,1714586400000,,2,NS,d180306f-a8de-4528-b3e6-c040fcbbeb93,5/2/2024 2:02:18 AM,MichelleDPL,5/2/2024 2:02:18 AM,MichelleDPL,-108.328430653846,38.6700087307692
185,2f04a89f-6ed3-413c-ae94-aa2b4691f1c3,8.33,-,1.38,0,0,0,3,,1714586400000,,2,NS,d180306f-a8de-4528-b3e6-c040fcbbeb93,5/2/2024 2:02:18 AM,MichelleDPL,5/2/2024 2:02:18 AM,MichelleDPL,-108.328455233333,38.6700205666667
186,935ff25f-23e2-4af9-bbbc-cd688acbc6fc,14.65,-,0.65,3,0,1,3,,1714586400000,,2,NS,d180306f-a8de-4528-b3e6-c040fcbbeb93,5/2/2024 2:02:18 AM,MichelleDPL,5/2/2024 2:02:18 AM,MichelleDPL,-108.328442016667,38.6700663833333
187,64fced5e-9f40-4105-8b9e-e9eba14f3a9a,15,-,0.65,0,1,0,3,,1714586400000,,2,NS,d180306f-a8de-4528-b3e6-c040fcbbeb93,5/2/2024 2:02:18 AM,MichelleDPL,5/2/2024 2:02:18 AM,MichelleDPL,-108.328440045455,38.6700842727273
188,f1d36bd2-9367-439b-8e9f-dec9f1e44342,15.05,+,0.97,0,0,1,3,,1714586400000,,2,NS,65a4f5ff-ca1e-43de-b36a-ef7d9dc87f07,5/2/2024 2:02:18 AM,MichelleDPL,5/2/2024 2:02:18 AM,MichelleDPL,-108.328410216667,38.6700795666667
189,ded523b3-1761-485e-9082-25f4ae1784b8,15.4,+,1.1,0,0,1,3,,1714586400000,,2,NS,65a4f5ff-ca1e-43de-b36a-ef7d9dc87f07,5/2/2024 2:02:18 AM,MichelleDPL,5/2/2024 2:02:18 AM,MichelleDPL,-108.32839375,38.6700855666667
190,eaea4b4c-7173-401f-a5e2-bcc1aa2ca792,16.72,-,0.34,0,0,1,3,,1714586400000,,2,NS,65a4f5ff-ca1e-43de-b36a-ef7d9dc87f07,5/2/2024 2:02:18 AM,MichelleDPL,5/2/2024 2:02:18 AM,MichelleDPL,-108.3284203,38.6700950166667
191,c5e3f8d2-535c-4799-b64b-c86492133fb7,,,,,,,3,,1714586400000,,2,NS,65a4f5ff-ca1e-43de-b36a-ef7d9dc87f07,5/2/2024 2:02:18 AM,MichelleDPL,5/2/2024 2:02:18 AM,MichelleDPL,-108.3284205,38.6700963333333
192,9478415c-605b-48a7-86fc-2a6032e08ce1,17.12,-,1.28,0,0,1,3,,1714586400000,,2,NS,65a4f5ff-ca1e-43de-b36a-ef7d9dc87f07,5/2/2024 2:02:18 AM,MichelleDPL,5/2/2024 2:02:18 AM,MichelleDPL,-108.3284335,38.6700885333333
193,77ba6ec2-b567-421b-8c35-16348139f90b,17.75,-,1.96,0,1,0,3,,1714586400000,,2,NS,65a4f5ff-ca1e-43de-b36a-ef7d9dc87f07,5/2/2024 2:02:18 AM,MichelleDPL,5/2/2024 2:02:18 AM,MichelleDPL,-108.328443233333,38.6701010333333
194,3de4c1de-f5fe-48ab-b602-531d0c3c4426,24.75,-,2.22,0,0,3,3,,1714586400000,,2,NS,65a4f5ff-ca1e-43de-b36a-ef7d9dc87f07,5/2/2024 2:02:18 AM,MichelleDPL,5/2/2024 2:02:18 AM,MichelleDPL,-108.328433533333,38.6701633166667
195,66d3d691-5023-43a0-8994-7b51e8312ca5,25,-,2.31,0,0,1,3,,1714586400000,,2,NS,65a4f5ff-ca1e-43de-b36a-ef7d9dc87f07,5/2/2024 2:02:18 AM,MichelleDPL,5/2/2024 2:02:18 AM,MichelleDPL,-108.328431533333,38.6701626
196,715bafd1-f472-4226-a3ba-c094ba15593c,26.1,-,1.69,0,1,0,3,,1714586400000,,2,NS,65a4f5ff-ca1e-43de-b36a-ef7d9dc87f07,5/2/2024 2:02:18 AM,MichelleDPL,5/2/2024 2:02:18 AM,MichelleDPL,-108.328418033333,38.6701714666667
197,e1e60f8a-5538-411b-acec-17e06191c39d,26.58,-,1.14,0,0,1,3,,1714586400000,,2,NS,65a4f5ff-ca1e-43de-b36a-ef7d9dc87f07,5/2/2024 2:02:18 AM,MichelleDPL,5/2/2024 2:02:18 AM,MichelleDPL,-108.328411183333,38.6701743166667
198,faa351c2-22cd-4762-abd5-4bfcddeae14c,27.15,+,0.88,0,0,1,3,,1714586400000,,2,NS,65a4f5ff-ca1e-43de-b36a-ef7d9dc87f07,5/2/2024 2:02:18 AM,MichelleDPL,5/2/2024 2:02:18 AM,MichelleDPL,-108.3283888,38.670182
199,43658167-7ca5-44e1-b61a-782d3c72e199,27.3,-,1.62,0,9,1,3,,1714586400000,,2,NS,65a4f5ff-ca1e-43de-b36a-ef7d9dc87f07,5/2/2024 2:02:18 AM,MichelleDPL,5/2/2024 2:02:18 AM,MichelleDPL,-108.3284111,38.6701984
200,7cbf0028-a10a-4b86-9233-5b38ea2fb2fa,29.08,-,0.23,0,0,1,3,,1714586400000,,2,NS,65a4f5ff-ca1e-43de-b36a-ef7d9dc87f07,5/2/2024 2:02:18 AM,MichelleDPL,5/2/2024 2:02:18 AM,MichelleDPL,-108.328395666667,38.6701956
201,12a72831-a9c0-4fe7-972b-4af3917c3995,33.77,-,1.21,0,0,1,3,,1714586400000,,2,NS,65a4f5ff-ca1e-43de-b36a-ef7d9dc87f07,5/2/2024 2:02:18 AM,MichelleDPL,5/2/2024 2:02:18 AM,MichelleDPL,-108.328413283333,38.6702454
202,8f4b7d4a-dc25-4105-a0c7-09f6234c05b1,38.05,-,0.06,0,0,1,3,,1714586400000,,2,NS,65a4f5ff-ca1e-43de-b36a-ef7d9dc87f07,5/2/2024 2:02:18 AM,MichelleDPL,5/2/2024 2:02:18 AM,MichelleDPL,-108.328393533333,38.6702791166667
203,1b4245e1-e0e2-430e-adcf-46afab19ce3f,43.57,-,1.29,0,1,0,3,,1714586400000,,2,NS,65a4f5ff-ca1e-43de-b36a-ef7d9dc87f07,5/2/2024 2:02:18 AM,MichelleDPL,5/2/2024 2:02:18 AM,MichelleDPL,-108.328387533333,38.6703249444444
204,6e05e9e4-e40e-4e71-bba4-8d87db73c10b,49.83,-,0.66,0,0,1,3,,1714586400000,,2,NS,65a4f5ff-ca1e-43de-b36a-ef7d9dc87f07,5/2/2024 2:02:18 AM,MichelleDPL,5/2/2024 2:02:18 AM,MichelleDPL,-108.328368033333,38.6703801833333
205,69d07181-bc29-40d5-b751-d340f22d54bd,49.93,-,2.98,0,0,1,3,,1714586400000,,2,NS,65a4f5ff-ca1e-43de-b36a-ef7d9dc87f07,5/2/2024 2:02:18 AM,MichelleDPL,5/2/2024 2:02:18 AM,MichelleDPL,-108.328392958333,38.67039725
206,b7566ce1-b045-464d-9ca5-faef54cc1aec,62.13,-,0.77,0,0,1,3,,1714586400000,,2,NS,65a4f5ff-ca1e-43de-b36a-ef7d9dc87f07,5/2/2024 2:02:18 AM,MichelleDPL,5/2/2024 2:02:18 AM,MichelleDPL,-108.32834065,38.6704875666667
207,fd157854-e1a8-46fe-8e10-953a2d3c2161,63.55,-,2.48,0,0,1,3,,1714586400000,,2,NS,65a4f5ff-ca1e-43de-b36a-ef7d9dc87f07,5/2/2024 2:02:18 AM,MichelleDPL,5/2/2024 2:02:18 AM,MichelleDPL,-108.328356333333,38.6704997166667
208,93ebdd16-e72f-4c88-ad9f-7a7078464665,,,,,,,3,,1714586400000,,2,"NS,EW",65a4f5ff-ca1e-43de-b36a-ef7d9dc87f07,5/2/2024 2:02:18 AM,MichelleDPL,5/2/2024 2:02:18 AM,MichelleDPL,-108.328358166667,38.6705058333333
209,b0111991-db0a-4878-a533-409d9d3d006f,4.35,-,0.88,0,1,0,3,10,1714586400000,,1,EW,5abc3618-44f3-4de1-9b18-2ef56b2b1fb2,5/2/2024 2:02:19 AM,MichelleDPL,5/2/2024 2:02:19 AM,MichelleDPL,-108.328359216667,38.6700120833333
210,2ccf139c-2acc-481d-905b-1ab4db688801,5.75,-,1.56,1,0,1,3,10,1714586400000,,1,EW,5abc3618-44f3-4de1-9b18-2ef56b2b1fb2,5/2/2024 2:02:19 AM,MichelleDPL,5/2/2024 2:02:19 AM,MichelleDPL,-108.328375716667,38.6700104666667
211,8eee549a-3c86-43b0-9c53-cbaf9f3cff36,7.73,-,1.91,0,0,1,3,10,1714586400000,,1,EW,5abc3618-44f3-4de1-9b18-2ef56b2b1fb2,5/2/2024 2:02:19 AM,MichelleDPL,5/2/2024 2:02:19 AM,MichelleDPL,-108.328407116667,38.6700156666667
212,d085b813-872a-435b-8bcc-8a5c679d28ef,11.1,-,1.96,0,0,1,3,10,1714586400000,,1,EW,5abc3618-44f3-4de1-9b18-2ef56b2b1fb2,5/2/2024 2:02:19 AM,MichelleDPL,5/2/2024 2:02:19 AM,MichelleDPL,-108.328451516667,38.6700170333333
213,607456af-cf4f-4830-b1fb-44d38c54f6e7,11.16,-,2.13,,,1,3,10,1714586400000,,1,EW,5abc3618-44f3-4de1-9b18-2ef56b2b1fb2,5/2/2024 2:02:19 AM,MichelleDPL,5/2/2024 2:02:19 AM,MichelleDPL,-108.328444633333,38.6700187
214,75935a68-a458-47f1-8364-3138032b0921,11.18,-,1.83,,,1,3,10,1714586400000,,1,EW,5abc3618-44f3-4de1-9b18-2ef56b2b1fb2,5/2/2024 2:02:19 AM,MichelleDPL,5/2/2024 2:02:19 AM,MichelleDPL,-108.328439083333,38.6700140333333
215,d3aaabdd-b73d-4f11-b5b7-7e1bbf76b6ed,14.36,-,2.84,,,1,3,10,1714586400000,,1,EW,5abc3618-44f3-4de1-9b18-2ef56b2b1fb2,5/2/2024 2:02:19 AM,MichelleDPL,5/2/2024 2:02:19 AM,MichelleDPL,-108.328473183333,38.67001265
216,7edf8a43-770a-4459-929b-845c16be6e94,14.33,-,2.49,,1,,3,10,1714586400000,,1,EW,5abc3618-44f3-4de1-9b18-2ef56b2b1fb2,5/2/2024 2:02:19 AM,MichelleDPL,5/2/2024 2:02:19 AM,MichelleDPL,-108.3284814,38.6700239666667
217,af673f97-c064-4185-9804-ad92938917c0,13.78,+,3.62,,,1,3,10,1714586400000,,1,EW,5abc3618-44f3-4de1-9b18-2ef56b2b1fb2,5/2/2024 2:02:19 AM,MichelleDPL,5/2/2024 2:02:19 AM,MichelleDPL,-108.328464416667,38.6700689833333
218,bed40fb8-9395-497b-94f7-69590374d12d,14.42,+,2.54,,,1,3,10,1714586400000,,1,EW,5abc3618-44f3-4de1-9b18-2ef56b2b1fb2,5/2/2024 2:02:19 AM,MichelleDPL,5/2/2024 2:02:19 AM,MichelleDPL,-108.328470966667,38.6700649166667
219,55583442-0926-49bb-85b7-a9731006b73a,14.69,+,2.58,,,1,3,10,1714586400000,,1,EW,5abc3618-44f3-4de1-9b18-2ef56b2b1fb2,5/2/2024 2:02:19 AM,MichelleDPL,5/2/2024 2:02:19 AM,MichelleDPL,-108.328473383333,38.6700642166667
220,f329466a-9606-4a0a-98ff-5ce5d770202a,14.16,+,1.12,,6,3,3,10,1714586400000,,1,EW,5abc3618-44f3-4de1-9b18-2ef56b2b1fb2,5/2/2024 2:02:19 AM,MichelleDPL,5/2/2024 2:02:19 AM,MichelleDPL,-108.328476516667,38.6700525166667
221,96935f05-2490-422b-be15-276bc970f664,,,,,,,3,10,1714586400000,,1,EW,5abc3618-44f3-4de1-9b18-2ef56b2b1fb2,5/2/2024 2:02:19 AM,MichelleDPL,5/2/2024 2:02:19 AM,MichelleDPL,-108.3284695,38.670052
222,b4d66fe8-fe8a-43c0-a5f1-15d55dd8af23,13.48,-,0.15,,,1,3,10,1714586400000,,1,EW,5abc3618-44f3-4de1-9b18-2ef56b2b1fb2,5/2/2024 2:02:19 AM,MichelleDPL,5/2/2024 2:02:19 AM,MichelleDPL,-108.328459383333,38.67003545
223,e303773c-141f-4867-ba75-6ebf37d06e32,13.72,-,2.04,,,1,3,10,1714586400000,,1,EW,5abc3618-44f3-4de1-9b18-2ef56b2b1fb2,5/2/2024 2:02:19 AM,MichelleDPL,5/2/2024 2:02:19 AM,MichelleDPL,-108.328469333333,38.6700247833333
224,82294a57-0035-40ca-a463-1943aeb8517d,14.41,-,2.251,,1,,3,10,1714586400000,,1,EW,5abc3618-44f3-4de1-9b18-2ef56b2b1fb2,5/2/2024 2:02:19 AM,MichelleDPL,5/2/2024 2:02:19 AM,MichelleDPL,-108.3284678,38.6700165166667
225,779f9413-ed3e-4c6b-8d94-164e3f919355,14.39,,2.84,,,1,3,10,1714586400000,,1,EW,5abc3618-44f3-4de1-9b18-2ef56b2b1fb2,5/2/2024 2:02:19 AM,MichelleDPL,5/2/2024 2:02:19 AM,MichelleDPL,-108.3284666,38.6700158666667
226,18c1b797-da9f-4a61-8878-f1080c0db907,14.87,+,0.04,,,1,3,10,1714586400000,,1,EW,5abc3618-44f3-4de1-9b18-2ef56b2b1fb2,5/2/2024 2:02:19 AM,MichelleDPL,5/2/2024 2:02:19 AM,MichelleDPL,-108.328475560606,38.6700411818182
227,bdd25b1f-d8c0-405b-a8e0-49711a25a0df,16.37,-,1.8,,,1,3,10,1714586400000,,1,EW,5abc3618-44f3-4de1-9b18-2ef56b2b1fb2,5/2/2024 2:02:19 AM,MichelleDPL,5/2/2024 2:02:19 AM,MichelleDPL,-108.328504316667,38.6700179
228,c255d46c-01f5-4713-bcae-b9730cdfc14a,16.37,+,0.07,,1,,3,10,1714586400000,,1,EW,5abc3618-44f3-4de1-9b18-2ef56b2b1fb2,5/2/2024 2:02:19 AM,MichelleDPL,5/2/2024 2:02:19 AM,MichelleDPL,-108.328504466667,38.67004155
229,09b1f986-8835-46e7-a04b-3da640219ebd,16.59,-,0.07,,4,,3,10,1714586400000,,1,EW,5abc3618-44f3-4de1-9b18-2ef56b2b1fb2,5/2/2024 2:02:19 AM,MichelleDPL,5/2/2024 2:02:19 AM,MichelleDPL,-108.328508433333,38.6700361666667
230,113aac23-cd85-4372-a25e-69d3d704f11e,16.3,+,1.45,,1,,3,10,1714586400000,,1,EW,5abc3618-44f3-4de1-9b18-2ef56b2b1fb2,5/2/2024 2:02:19 AM,MichelleDPL,5/2/2024 2:02:19 AM,MichelleDPL,-108.328506283333,38.6700486333333
231,9e176280-c598-45f0-8352-7048d52687bb,16.81,+,1.06,,,2,3,10,1714586400000,,1,EW,5abc3618-44f3-4de1-9b18-2ef56b2b1fb2,5/2/2024 2:02:19 AM,MichelleDPL,5/2/2024 2:02:19 AM,MichelleDPL,-108.32850065,38.67004995
232,30884144-ffef-49f3-bbb3-309c68aac295,15.92,-,0.82,,2,,3,10,1714586400000,,1,EW,5abc3618-44f3-4de1-9b18-2ef56b2b1fb2,5/2/2024 2:02:19 AM,MichelleDPL,5/2/2024 2:02:19 AM,MichelleDPL,-108.32848635,38.6700317
233,f61bfeaf-f0d5-4d24-ba0c-5ad25de24169,16.23,-,1.19,,1,,3,10,1714586400000,,1,EW,5abc3618-44f3-4de1-9b18-2ef56b2b1fb2,5/2/2024 2:02:19 AM,MichelleDPL,5/2/2024 2:02:19 AM,MichelleDPL,-108.328488083333,38.6700304833333
234,62d85490-1710-4a60-9f81-7bc3a8b1c14a,16.24,-,1.87,,,1,3,10,1714586400000,,1,EW,5abc3618-44f3-4de1-9b18-2ef56b2b1fb2,5/2/2024 2:02:19 AM,MichelleDPL,5/2/2024 2:02:19 AM,MichelleDPL,-108.32849025,38.67002295
235,d719039b-0765-45f8-b2ca-3c698ca0eee9,17.52,-,0.87,,1,,3,10,1714586400000,,1,EW,5abc3618-44f3-4de1-9b18-2ef56b2b1fb2,5/2/2024 2:02:19 AM,MichelleDPL,5/2/2024 2:02:19 AM,MichelleDPL,-108.328504083333,38.6700324791667
236,f8692710-1fa9-4d97-a658-41a23da98dff,17.5,-,1.14,,1,,3,10,1714586400000,,1,EW,5abc3618-44f3-4de1-9b18-2ef56b2b1fb2,5/2/2024 2:02:19 AM,MichelleDPL,5/2/2024 2:02:19 AM,MichelleDPL,-108.328497366667,38.6700334
237,80f67b8b-9637-4548-a713-9d75569fa317,17.66,-,1.19,,1,3,3,10,1714586400000,,1,EW,5abc3618-44f3-4de1-9b18-2ef56b2b1fb2,5/2/2024 2:02:19 AM,MichelleDPL,5/2/2024 2:02:19 AM,MichelleDPL,-108.32850255,38.6700309166667
238,8748d279-6291-4690-8325-a0db92f3e998,17.83,+,0.38,,,1,3,10,1714586400000,,1,EW,5abc3618-44f3-4de1-9b18-2ef56b2b1fb2,5/2/2024 2:02:19 AM,MichelleDPL,5/2/2024 2:02:19 AM,MichelleDPL,-108.3285061,38.6700479666667
239,c7753bf3-abb7-488a-b155-c7004f327516,18.29,+,0.76,,,1,3,10,1714586400000,,1,EW,5abc3618-44f3-4de1-9b18-2ef56b2b1fb2,5/2/2024 2:02:19 AM,MichelleDPL,5/2/2024 2:02:19 AM,MichelleDPL,-108.328508683333,38.6700423166667
240,8d90a867-803d-4c7a-925d-842949620a47,18.38,-,0.17,,,1,3,10,1714586400000,,1,EW,5abc3618-44f3-4de1-9b18-2ef56b2b1fb2,5/2/2024 2:02:19 AM,MichelleDPL,5/2/2024 2:02:19 AM,MichelleDPL,-108.328514203704,38.6700392962963
241,4544bfe6-8db2-433e-a51b-83b6fd43534d,18.38,-,0.33,,,1,3,10,1714586400000,,1,EW,5abc3618-44f3-4de1-9b18-2ef56b2b1fb2,5/2/2024 2:02:19 AM,MichelleDPL,5/2/2024 2:02:19 AM,MichelleDPL,-108.328517233333,38.6700418833333
242,2fda566e-06fc-473f-aa4f-a93fa4f60c72,18.38,-,0.91,,1,,3,10,1714586400000,,1,EW,5abc3618-44f3-4de1-9b18-2ef56b2b1fb2,5/2/2024 2:02:19 AM,MichelleDPL,5/2/2024 2:02:19 AM,MichelleDPL,-108.328513259259,38.6700327962963
243,9f09841a-4fff-452b-a632-d29c0551db6d,18.26,-,1.1,,1,1,3,10,1714586400000,,1,EW,5abc3618-44f3-4de1-9b18-2ef56b2b1fb2,5/2/2024 2:02:19 AM,MichelleDPL,5/2/2024 2:02:19 AM,MichelleDPL,-108.328522616667,38.6700281333333
244,962b39ad-a07d-4444-9c3b-2138dc3f449e,18.91,-,0.93,,1,,3,10,1714586400000,,1,EW,5abc3618-44f3-4de1-9b18-2ef56b2b1fb2,5/2/2024 2:02:19 AM,MichelleDPL,5/2/2024 2:02:19 AM,MichelleDPL,-108.328528066667,38.6700352166667
245,2f84cb55-5952-43ff-8362-fa665233f4b5,19,+,0.03,,1,,3,10,1714586400000,,1,EW,5abc3618-44f3-4de1-9b18-2ef56b2b1fb2,5/2/2024 2:02:19 AM,MichelleDPL,5/2/2024 2:02:19 AM,MichelleDPL,-108.3285237,38.6700415333333
246,e79a0222-f6be-4e58-abb0-4d1328b6f8fe,18.28,+,0.78,,,1,3,10,1714586400000,,1,EW,5abc3618-44f3-4de1-9b18-2ef56b2b1fb2,5/2/2024 2:02:19 AM,MichelleDPL,5/2/2024 2:02:19 AM,MichelleDPL,-108.328513283333,38.67004995
247,09ea86b4-0f38-49c6-aed0-1c9143259589,18.22,+,1.07,,1,,3,10,1714586400000,,1,EW,5abc3618-44f3-4de1-9b18-2ef56b2b1fb2,5/2/2024 2:02:19 AM,MichelleDPL,5/2/2024 2:02:19 AM,MichelleDPL,-108.328517466667,38.6700547333333
248,21102880-e3a5-4544-9655-eba5ded0dcad,19.17,+,0.43,,,1,3,10,1714586400000,,1,EW,5abc3618-44f3-4de1-9b18-2ef56b2b1fb2,5/2/2024 2:02:19 AM,MichelleDPL,5/2/2024 2:02:19 AM,MichelleDPL,-108.328519097222,38.6700518611111
249,7d411550-e2dc-4821-a56c-6292f3919360,19.31,+,0.78,,1,,3,10,1714586400000,,1,EW,5abc3618-44f3-4de1-9b18-2ef56b2b1fb2,5/2/2024 2:02:19 AM,MichelleDPL,5/2/2024 2:02:19 AM,MichelleDPL,-108.328518416667,38.67005625
250,ab12cb29-f4eb-44ab-9515-c99e3d911ba2,19.36,-,2.24,,1,,3,10,1714586400000,,1,EW,5abc3618-44f3-4de1-9b18-2ef56b2b1fb2,5/2/2024 2:02:19 AM,MichelleDPL,5/2/2024 2:02:19 AM,MichelleDPL,-108.328526866667,38.6700207833333
251,4bc462f6-63c1-453f-b9b0-19523998b4a1,19.64,+,0.42,,,1,3,10,1714586400000,,1,EW,5abc3618-44f3-4de1-9b18-2ef56b2b1fb2,5/2/2024 2:02:19 AM,MichelleDPL,5/2/2024 2:02:19 AM,MichelleDPL,-108.3285306,38.6700481666667
252,940c43dd-1523-4317-a4b5-b7d6d634f0ac,0.99,-,1.86,,,1,10,10,1714672800000,,1,NS,9144678e-5be4-4682-b563-5f43fea63d24,5/3/2024 3:35:46 AM,MichelleDPL,5/3/2024 3:35:46 AM,MichelleDPL,-108.371657916667,38.8487801
253,96391d99-62dd-4a58-982e-4ff9d2d29a38,3.85,-,3.49,,1,,10,10,1714672800000,,1,NS,9144678e-5be4-4682-b563-5f43fea63d24,5/3/2024 3:35:46 AM,MichelleDPL,5/3/2024 3:35:46 AM,MichelleDPL,-108.371673966667,38.8488025333333
254,6ca861b8-7495-4853-a836-805fe35282a2,,,,,,,10,10,1714672800000,,1,NS,9144678e-5be4-4682-b563-5f43fea63d24,5/3/2024 3:35:46 AM,MichelleDPL,5/3/2024 3:35:46 AM,MichelleDPL,-108.371674,38.8488045
255,4279851a-5bd7-427d-aea3-a290b8273860,9.66,+,0.97,,,1,10,10,1714672800000,,1,EW,8b47e296-84fe-4074-92ea-860bad10d0a4,5/3/2024 3:35:48 AM,MichelleDPL,5/3/2024 3:35:48 AM,MichelleDPL,-108.371392270833,38.8488468854167
256,70bdcefd-4a75-41e1-bf31-76694f4e0dda,50.81,-,,90,,1,10,10,1714672800000,,1,EW,8b47e296-84fe-4074-92ea-860bad10d0a4,5/3/2024 3:35:48 AM,MichelleDPL,5/3/2024 3:35:48 AM,MichelleDPL,-108.371851268519,38.8488956759259
257,70b025e6-c9b0-40c5-81be-22f517f9ea7d,50.61,-,0.81,,1,,10,10,1714672800000,,1,EW,8b47e296-84fe-4074-92ea-860bad10d0a4,5/3/2024 3:35:48 AM,MichelleDPL,5/3/2024 3:35:48 AM,MichelleDPL,-108.371854243056,38.8489036527778
258,f4382df6-1705-49c9-b3d8-4106feb2b797,,,,,,,10,10,1714672800000,,1,EW,8b47e296-84fe-4074-92ea-860bad10d0a4,5/3/2024 3:35:48 AM,MichelleDPL,5/3/2024 3:35:48 AM,MichelleDPL,-108.371864833333,38.8489025
259,9595fe08-57f7-4c2b-be7b-a8abb0503fb3,,,,,,,10,10,1714672800000,,,,37ed4000-7f0a-4d67-bec3-935d8df885a1,5/3/2024 3:35:48 AM,MichelleDPL,5/3/2024 3:35:48 AM,MichelleDPL,-108.371871666667,38.8488803333333
260,bfe8001a-0f3d-4fd0-8a0d-f667fc8859f9,98.96,+,0.72,0,0,1,12,10,1714672800000,,1,NS,a2f6504f-6c66-4966-8a2f-1f349b06ea1b,5/3/2024 3:35:49 AM,MichelleDPL,5/3/2024 3:35:49 AM,MichelleDPL,-108.377386333333,39.0614508333333
261,1bd0fa35-758e-4d92-9850-eff9cd9ac496,98.52,+,1.03,,,1,12,10,1714672800000,,1,NS,a2f6504f-6c66-4966-8a2f-1f349b06ea1b,5/3/2024 3:35:49 AM,MichelleDPL,5/3/2024 3:35:49 AM,MichelleDPL,-108.377386666667,39.0614501666667
262,2f61a27a-f18a-488a-adfd-62fc38b3f2ce,98.7,-,9.5,,1,,12,10,1714672800000,,1,NS,a2f6504f-6c66-4966-8a2f-1f349b06ea1b,5/3/2024 3:35:49 AM,MichelleDPL,5/3/2024 3:35:49 AM,MichelleDPL,-108.377376833333,39.0614606666667
263,2aaaa1c3-7434-4d25-9698-6421a2a22102,96.5,+,0.32,,2,2,12,10,1714672800000,,1,NS,a2f6504f-6c66-4966-8a2f-1f349b06ea1b,5/3/2024 3:35:49 AM,MichelleDPL,5/3/2024 3:35:49 AM,MichelleDPL,-108.3773835,39.0614565
264,a9187c18-ff36-4c60-867d-977df59a142d,96.69,-,2.4,,2,2,12,10,1714672800000,,1,NS,a2f6504f-6c66-4966-8a2f-1f349b06ea1b,5/3/2024 3:35:49 AM,MichelleDPL,5/3/2024 3:35:49 AM,MichelleDPL,-108.377379666667,39.0614903333333
265,e007446f-cc0f-4ee5-83d0-b3992079eb9f,81.3,+,2.58,,1,,12,10,1714672800000,,1,NS,a2f6504f-6c66-4966-8a2f-1f349b06ea1b,5/3/2024 3:35:49 AM,MichelleDPL,5/3/2024 3:35:49 AM,MichelleDPL,-108.377444,39.0614963333333
266,2f3c2f0b-c044-467c-9fb7-a25fed26dbd8,78.6,-,2.6,,,1,12,10,1714672800000,,1,NS,a2f6504f-6c66-4966-8a2f-1f349b06ea1b,5/3/2024 3:35:49 AM,MichelleDPL,5/3/2024 3:35:49 AM,MichelleDPL,-108.377365333333,39.061624
267,a8893339-5472-42ef-8926-ce8d46aae117,57.74,+,0.6,,,1,12,10,1714672800000,,1,NS,a2f6504f-6c66-4966-8a2f-1f349b06ea1b,5/3/2024 3:35:49 AM,MichelleDPL,5/3/2024 3:35:49 AM,MichelleDPL,-108.377437666667,39.0616456666667
268,433fad0d-8c1c-4482-ac7c-3b66fbdf7bc2,58.75,-,2.67,,1,,12,10,1714672800000,,1,NS,a2f6504f-6c66-4966-8a2f-1f349b06ea1b,5/3/2024 3:35:49 AM,MichelleDPL,5/3/2024 3:35:49 AM,MichelleDPL,-108.377403333333,39.0618356666667
269,d6bb8671-20b3-4949-be8a-657e21ab63ec,30.91,+,0.45,,1,,12,10,1714672800000,,1,NS,a2f6504f-6c66-4966-8a2f-1f349b06ea1b,5/3/2024 3:35:49 AM,MichelleDPL,5/3/2024 3:35:49 AM,MichelleDPL,-108.377435833333,39.0618495
270,6b196396-fc2b-4dc1-8232-72d5b926fe83,26.2,+,2.28,,4,,12,10,1714672800000,,1,NS,a2f6504f-6c66-4966-8a2f-1f349b06ea1b,5/3/2024 3:35:49 AM,MichelleDPL,5/3/2024 3:35:49 AM,MichelleDPL,-108.3773965,39.0620758333333
271,ca3f4125-8475-42b5-b238-9277a2d2e1b6,23.04,+,0.98,,,1,12,10,1714672800000,,1,NS,a2f6504f-6c66-4966-8a2f-1f349b06ea1b,5/3/2024 3:35:49 AM,MichelleDPL,5/3/2024 3:35:49 AM,MichelleDPL,-108.377347,39.0621111666667
272,1ec4eb14-6dea-4c6d-b80d-51894fce4036,22.19,-,0.16,,,1,12,10,1714672800000,,1,NS,a2f6504f-6c66-4966-8a2f-1f349b06ea1b,5/3/2024 3:35:49 AM,MichelleDPL,5/3/2024 3:35:49 AM,MichelleDPL,-108.377347833333,39.0621371666667
273,3e4ebd12-2c13-4000-9c3e-3d880855b58e,17.61,+,34,,1,,12,10,1714672800000,,1,NS,a2f6504f-6c66-4966-8a2f-1f349b06ea1b,5/3/2024 3:35:49 AM,MichelleDPL,5/3/2024 3:35:49 AM,MichelleDPL,-108.377343333333,39.0621355
274,ec838b59-a2f9-43bc-89e5-3a595e3cf92c,2.24,-,0.92,,1,,12,10,1714672800000,,1,NS,a2f6504f-6c66-4966-8a2f-1f349b06ea1b,5/3/2024 3:35:49 AM,MichelleDPL,5/3/2024 3:35:49 AM,MichelleDPL,-108.377330666667,39.0621901666667
275,d8f809aa-8a1e-4c71-bfa6-09ee8fc2f849,0.68,-,0.52,,,3,12,10,1714672800000,,1,NS,a2f6504f-6c66-4966-8a2f-1f349b06ea1b,5/3/2024 3:35:49 AM,MichelleDPL,5/3/2024 3:35:49 AM,MichelleDPL,-108.377318666667,39.062339
276,59593a48-ce0b-45a4-9f1b-2249609503d1,0.1,-,0.15,,3,3,12,10,1714672800000,,1,NS,a2f6504f-6c66-4966-8a2f-1f349b06ea1b,5/3/2024 3:35:49 AM,MichelleDPL,5/3/2024 3:35:49 AM,MichelleDPL,-108.377348666667,39.0623541666667
277,6c068ea7-aa56-4844-99b3-96ced83da336,9.6,-,0.91,,1,,12,10,1714672800000,,7,EW,e36b0ddd-957f-488d-bcf0-4676eeb0dd31,5/3/2024 3:35:50 AM,MichelleDPL,5/3/2024 3:35:50 AM,MichelleDPL,-108.377237666667,39.062099
278,82b29c9f-fef9-4cb6-878b-d469a746e085,14.4,-,2.31,,1,,12,10,1714672800000,,7,EW,e36b0ddd-957f-488d-bcf0-4676eeb0dd31,5/3/2024 3:35:50 AM,MichelleDPL,5/3/2024 3:35:50 AM,MichelleDPL,-108.3773405,39.0620998333333
279,1c352d89-5626-4c22-80df-889a1f5549f1,20,+,0.17,,11,1,12,10,1714672800000,,7,EW,e36b0ddd-957f-488d-bcf0-4676eeb0dd31,5/3/2024 3:35:50 AM,MichelleDPL,5/3/2024 3:35:50 AM,MichelleDPL,-108.377418666667,39.0620738333333
280,69cd9832-de20-4a07-9981-c854dbea40c0,20.45,-,1.91,,1,,12,10,1714672800000,,7,EW,e36b0ddd-957f-488d-bcf0-4676eeb0dd31,5/3/2024 3:35:50 AM,MichelleDPL,5/3/2024 3:35:50 AM,MichelleDPL,-108.377489166667,39.062071
281,204c0106-ac3f-4bee-a38b-344468dfa4db,24.75,+,1.21,,,1,12,10,1714672800000,,7,EW,e36b0ddd-957f-488d-bcf0-4676eeb0dd31,5/3/2024 3:35:50 AM,MichelleDPL,5/3/2024 3:35:50 AM,MichelleDPL,-108.377495166667,39.062066
282,c685cab7-e838-442a-a4e7-77b75c756fef,26.7,+,1.49,,,1,12,10,1714672800000,,7,EW,e36b0ddd-957f-488d-bcf0-4676eeb0dd31,5/3/2024 3:35:50 AM,MichelleDPL,5/3/2024 3:35:50 AM,MichelleDPL,-108.3775415,39.062064
283,25c36fe9-7dc6-40ad-9d17-6a09721d07ae,28.65,+,1.28,,1,1,12,10,1714672800000,,7,EW,e36b0ddd-957f-488d-bcf0-4676eeb0dd31,5/3/2024 3:35:50 AM,MichelleDPL,5/3/2024 3:35:50 AM,MichelleDPL,-108.3775765,39.0620745
284,3a738b8f-29e1-4be8-9afa-4975ec9ca22e,28.3,+,1.66,,,1,12,10,1714672800000,,7,EW,e36b0ddd-957f-488d-bcf0-4676eeb0dd31,5/3/2024 3:35:50 AM,MichelleDPL,5/3/2024 3:35:50 AM,MichelleDPL,-108.377561833333,39.0621108333333
285,880474f0-1ee6-4b28-9bcf-d6ac832a6110,28.65,+,0.17,,1,,12,10,1714672800000,,7,EW,e36b0ddd-957f-488d-bcf0-4676eeb0dd31,5/3/2024 3:35:50 AM,MichelleDPL,5/3/2024 3:35:50 AM,MichelleDPL,-108.3775605,39.0620983333333
286,3e0f26b4-f2fa-4430-bad4-3bedfabcf657,34.75,+,2.64,,,1,12,10,1714672800000,,7,EW,e36b0ddd-957f-488d-bcf0-4676eeb0dd31,5/3/2024 3:35:50 AM,MichelleDPL,5/3/2024 3:35:50 AM,MichelleDPL,-108.3775645,39.0620911666667
287,1ef448db-e91f-47db-a1a2-246f9378e530,53.9,,1.23,,,1,12,10,1714672800000,,7,EW,e36b0ddd-957f-488d-bcf0-4676eeb0dd31,5/3/2024 3:35:50 AM,MichelleDPL,5/3/2024 3:35:50 AM,MichelleDPL,-108.377644333333,39.0621195
288,82fdc8f6-7025-4a9b-9102-13c4a6db7405,4.35,+,2.9,,,1,12,10,1714672800000,,5,EW,ee15a125-3474-4918-a910-28377ca093b2,5/3/2024 3:35:50 AM,MichelleDPL,5/3/2024 3:35:50 AM,MichelleDPL,-108.3778625,39.0621088333333
289,a1478845-18af-46b4-8bb3-8aa54ee0cbe6,7.45,+,2.15,,1,,12,10,1714672800000,,5,EW,ee15a125-3474-4918-a910-28377ca093b2,5/3/2024 3:35:50 AM,MichelleDPL,5/3/2024 3:35:50 AM,MichelleDPL,-108.3774555,39.0619243333333
290,4eb6e938-4d29-44ba-adc8-189166fd53c3,7.95,-,2.55,,,1,12,10,1714672800000,,5,EW,ee15a125-3474-4918-a910-28377ca093b2,5/3/2024 3:35:50 AM,MichelleDPL,5/3/2024 3:35:50 AM,MichelleDPL,-108.377457666667,39.061931
291,b7b3c71e-ef6e-4913-a516-0e407d24e2fa,12.3,-,2.46,,,1,12,10,1714672800000,,5,EW,ee15a125-3474-4918-a910-28377ca093b2,5/3/2024 3:35:50 AM,MichelleDPL,5/3/2024 3:35:50 AM,MichelleDPL,-108.377515166667,39.0618785
292,67ba6aec-eb5d-4b55-ad08-2c8aef0ae789,12.55,-,0.81,,1,,12,10,1714672800000,,5,EW,ee15a125-3474-4918-a910-28377ca093b2,5/3/2024 3:35:50 AM,MichelleDPL,5/3/2024 3:35:50 AM,MichelleDPL,-108.377519666667,39.0618778333333
293,bb85d23f-161c-45d7-a0c9-bbf010fa6a93,13.15,,0.39,,1,,12,10,1714672800000,,5,EW,ee15a125-3474-4918-a910-28377ca093b2,5/3/2024 3:35:50 AM,MichelleDPL,5/3/2024 3:35:50 AM,MichelleDPL,-108.377523666667,39.0618771666667
294,1075e665-0798-44f1-a32d-6ad08beca3d3,17.9,+,1.25,,1,,12,10,1714672800000,,5,EW,ee15a125-3474-4918-a910-28377ca093b2,5/3/2024 3:35:50 AM,MichelleDPL,5/3/2024 3:35:50 AM,MichelleDPL,-108.3775755,39.0619243333333
295,c793eabb-0ede-44a6-a379-5731d6508c13,19.3,+,1.53,,,1,10,10,1714672800000,,2,NS,9d468ee3-100b-4fc8-ac2a-704e2cbcacb8,5/3/2024 3:36:15 AM,MichelleDPL,5/3/2024 3:36:15 AM,MichelleDPL,-108.371766166667,38.848792
296,49633669-c66d-4eaf-b164-c607e0a41b18,19.45,-,0.48,,1,,10,10,1714672800000,,2,NS,9d468ee3-100b-4fc8-ac2a-704e2cbcacb8,5/3/2024 3:36:15 AM,MichelleDPL,5/3/2024 3:36:15 AM,MichelleDPL,-108.371680333333,38.8489585
297,378e29e1-a6d1-4633-a6e4-8831aaeb7af6,44,+,2.16,,,1,10,10,1714672800000,,2,NS,9d468ee3-100b-4fc8-ac2a-704e2cbcacb8,5/3/2024 3:36:15 AM,MichelleDPL,5/3/2024 3:36:15 AM,MichelleDPL,-108.3715725,38.8491766666667
298,97822ef2-27b4-4ad0-8391-6770c0abfcd0,11.95,-,1.02,,,1,10,10,1714672800000,,1,EW,0c8d20b4-2f52-49c5-968b-de22ea2c19f1,5/3/2024 3:36:15 AM,MichelleDPL,5/3/2024 3:36:15 AM,MichelleDPL,-108.3714355,38.849106
299,0af1178d-4d5e-451e-883f-18963cc00b34,50,-,1.13,,,1,10,10,1714672800000,,2,EW,fa6dc9e0-fbb3-49ba-ae6a-b8ecbf6c04ac,5/3/2024 3:36:15 AM,MichelleDPL,5/3/2024 3:36:15 AM,MichelleDPL,-108.371789166667,38.8491385
300,017c968b-bbc6-4199-9f99-32bdee34cbc9,86.75,-,0.4,,,1,12,10,1714672800000,,3,NS,0c1494ed-a0bb-4e18-bb95-ef9428d5931f,5/3/2024 3:36:17 AM,MichelleDPL,5/3/2024 3:36:17 AM,MichelleDPL,-108.377664,39.0614766666667
301,593c23b7-3468-4e04-a74d-23650957e5a6,84.45,-,3.68,,1,1,12,10,1714672800000,,3,NS,0c1494ed-a0bb-4e18-bb95-ef9428d5931f,5/3/2024 3:36:17 AM,MichelleDPL,5/3/2024 3:36:17 AM,MichelleDPL,-108.377696083333,39.0616148666667
302,05fd6df5-df67-4d8f-b090-c861a3918db7,74.27,-,1.51,,,1,12,10,1714672800000,,3,NS,0c1494ed-a0bb-4e18-bb95-ef9428d5931f,5/3/2024 3:36:17 AM,MichelleDPL,5/3/2024 3:36:17 AM,MichelleDPL,-108.377661318182,39.0616926060606
303,68ead928-7264-4cbb-847a-1f4a6d06f46b,72.34,+,3.5,,,1,12,10,1714672800000,,3,NS,0c1494ed-a0bb-4e18-bb95-ef9428d5931f,5/3/2024 3:36:17 AM,MichelleDPL,5/3/2024 3:36:17 AM,MichelleDPL,-108.377603616667,39.0617079833333
304,b4b76013-deb9-4374-a3d4-896ad1678a62,54.95,-,0.76,,17,,12,10,1714672800000,,3,NS,0c1494ed-a0bb-4e18-bb95-ef9428d5931f,5/3/2024 3:36:17 AM,MichelleDPL,5/3/2024 3:36:17 AM,MichelleDPL,-108.37763385,39.0618606833333
305,c5e52445-742f-4703-b5e0-bf30d14d0442,48.6,+,2.17,,1,,12,10,1714672800000,,3,NS,0c1494ed-a0bb-4e18-bb95-ef9428d5931f,5/3/2024 3:36:17 AM,MichelleDPL,5/3/2024 3:36:17 AM,MichelleDPL,-108.377590509259,39.0619226203704
306,8567dc72-c3e7-4944-9ff3-e9ec998e7151,44.6,-,1.48,,,1,12,10,1714672800000,,3,NS,0c1494ed-a0bb-4e18-bb95-ef9428d5931f,5/3/2024 3:36:17 AM,MichelleDPL,5/3/2024 3:36:17 AM,MichelleDPL,-108.377628527778,39.0619642777778
307,c998c57b-7bd0-4819-afd8-0fec12d40b3f,37.25,-,1.4,,1,2,12,10,1714672800000,,3,NS,0c1494ed-a0bb-4e18-bb95-ef9428d5931f,5/3/2024 3:36:17 AM,MichelleDPL,5/3/2024 3:36:17 AM,MichelleDPL,-108.377626744444,39.0620291666667
308,a95914e4-9112-4c65-ae14-329350866cc5,28.4,+,1.6,,1,1,12,10,1714672800000,,3,NS,0c1494ed-a0bb-4e18-bb95-ef9428d5931f,5/3/2024 3:36:17 AM,MichelleDPL,5/3/2024 3:36:17 AM,MichelleDPL,-108.377584848485,39.0621050606061
309,19e4d746-850a-4991-99f0-30102e44170b,26.3,+,3.63,,2,1,12,10,1714672800000,,3,NS,0c1494ed-a0bb-4e18-bb95-ef9428d5931f,5/3/2024 3:36:17 AM,MichelleDPL,5/3/2024 3:36:17 AM,MichelleDPL,-108.3775604,39.0621248
310,ea4982ed-7b2c-4e79-ba74-3a41800e8c0b,8.82,+,0.23,,,1,12,10,1714672800000,,3,NS,0c1494ed-a0bb-4e18-bb95-ef9428d5931f,5/3/2024 3:36:17 AM,MichelleDPL,5/3/2024 3:36:17 AM,MichelleDPL,-108.377580333333,39.0622775
311,da7cb1a4-ab3a-49bb-9755-2ef4001f4926,7.67,+,0.3,,,1,12,10,1714672800000,,3,NS,0c1494ed-a0bb-4e18-bb95-ef9428d5931f,5/3/2024 3:36:17 AM,MichelleDPL,5/3/2024 3:36:17 AM,MichelleDPL,-108.3775855,39.06229215
312,20c31f3d-1665-4d44-a909-0404f4d49d84,0.55,-,0.09,,4,1,12,10,1714672800000,,3,NS,0c1494ed-a0bb-4e18-bb95-ef9428d5931f,5/3/2024 3:36:17 AM,MichelleDPL,5/3/2024 3:36:17 AM,MichelleDPL,-108.377548216667,39.0623439833333
313,e1a312c0-9c53-4bb9-b1f9-34027245034a,,,,,,,12,10,1714672800000,,3,NS,0c1494ed-a0bb-4e18-bb95-ef9428d5931f,5/3/2024 3:36:17 AM,MichelleDPL,5/3/2024 3:36:17 AM,MichelleDPL,0,0
314,92d5be73-ee5e-48f0-b282-8759bdea9398,21.15,+,1.07,,1,,12,10,1714672800000,,9,EW,862ee0b0-9f42-40d3-94cb-6de2bf19cfe6,5/3/2024 3:36:18 AM,MichelleDPL,5/3/2024 3:36:18 AM,MichelleDPL,-108.377444712121,39.0622653484849
315,0a45c394-8b3d-4153-a0c2-2f7b4e32c50a,26,+,0.61,,1,,12,10,1714672800000,,9,EW,862ee0b0-9f42-40d3-94cb-6de2bf19cfe6,5/3/2024 3:36:18 AM,MichelleDPL,5/3/2024 3:36:18 AM,MichelleDPL,-108.377520095238,39.0622628095238
316,c900a9ad-9625-4d20-8479-c37a6d5573b8,27.38,-,1.68,,1,,12,10,1714672800000,,9,EW,862ee0b0-9f42-40d3-94cb-6de2bf19cfe6,5/3/2024 3:36:18 AM,MichelleDPL,5/3/2024 3:36:18 AM,MichelleDPL,-108.377525733333,39.0622411666667
317,f6bbefe0-265a-41a8-bda5-5f18e4999f70,30,+,1.23,,,1,12,10,1714672800000,,9,EW,862ee0b0-9f42-40d3-94cb-6de2bf19cfe6,5/3/2024 3:36:18 AM,MichelleDPL,5/3/2024 3:36:18 AM,MichelleDPL,-108.377568666667,39.0622745
318,9d40fe03-c3b1-4a4f-b3bb-b5e0e9c44893,30.15,+,2.32,,,1,12,10,1714672800000,,9,EW,862ee0b0-9f42-40d3-94cb-6de2bf19cfe6,5/3/2024 3:36:18 AM,MichelleDPL,5/3/2024 3:36:18 AM,MichelleDPL,-108.377567190476,39.0622869761905
319,bfab9648-05a3-4f91-a21e-136ee1e4a614,34.2,-,1.12,,4,1,12,10,1714672800000,,9,EW,862ee0b0-9f42-40d3-94cb-6de2bf19cfe6,5/3/2024 3:36:18 AM,MichelleDPL,5/3/2024 3:36:18 AM,MichelleDPL,-108.377612666667,39.0622616666667
320,d1d88b7c-37a3-47e3-be8a-e77ae2359cd8,34.7,-,0.29,,1,,12,10,1714672800000,,9,EW,862ee0b0-9f42-40d3-94cb-6de2bf19cfe6,5/3/2024 3:36:18 AM,MichelleDPL,5/3/2024 3:36:18 AM,MichelleDPL,-108.377628116667,39.0622727666667
321,3fe41cc1-8b77-4b3d-9403-b8be6bd86118,,,,,,,12,10,1714672800000,,9,EW,862ee0b0-9f42-40d3-94cb-6de2bf19cfe6,5/3/2024 3:36:18 AM,MichelleDPL,5/3/2024 3:36:18 AM,MichelleDPL,0,0
322,8ca8f193-c1dc-4ce5-aa46-a409cc74b751,8,+,1.18,,1,1,10,10,1714672800000,,3,NS,ecd0affc-357b-4480-82bf-772be4ecc402,5/3/2024 3:36:34 AM,MichelleDPL,5/3/2024 3:36:34 AM,MichelleDPL,-108.371836166667,38.8488113333333
323,34c0ef32-df51-409f-acf1-321d3ad799da,8.95,-,0.7,,,,10,10,1714672800000,,3,NS,ecd0affc-357b-4480-82bf-772be4ecc402,5/3/2024 3:36:34 AM,MichelleDPL,5/3/2024 3:36:34 AM,MichelleDPL,-108.371823333333,38.8488798333333
324,c0c50735-6e3d-4fa4-8269-cc8e5587e33e,9.15,-,0.54,,1,,10,10,1714672800000,,3,NS,ecd0affc-357b-4480-82bf-772be4ecc402,5/3/2024 3:36:34 AM,MichelleDPL,5/3/2024 3:36:34 AM,MichelleDPL,-108.371826166667,38.8488788333333
325,7c13f969-6b78-4c3b-aed2-af2bc42cf1b0,17.32,+,0.34,,,1,10,10,1714672800000,,3,NS,ecd0affc-357b-4480-82bf-772be4ecc402,5/3/2024 3:36:34 AM,MichelleDPL,5/3/2024 3:36:34 AM,MichelleDPL,-108.371825833333,38.84888
326,e443a47d-35bd-4934-a4a4-b1edaadc16c9,19.05,+,0.11,,,1,10,10,1714672800000,,3,NS,ecd0affc-357b-4480-82bf-772be4ecc402,5/3/2024 3:36:34 AM,MichelleDPL,5/3/2024 3:36:34 AM,MichelleDPL,-108.371773666667,38.8489501666667
327,89dca4e2-01b7-44d4-a679-94df251c07bf,29,+,0.16,,,1,10,10,1714672800000,,3,NS,ecd0affc-357b-4480-82bf-772be4ecc402,5/3/2024 3:36:34 AM,MichelleDPL,5/3/2024 3:36:34 AM,MichelleDPL,-108.371766166667,38.8489581666667
328,51d777a4-f4f0-49e3-ad5f-4be47385db47,33.35,+,2.85,,,1,10,10,1714672800000,,3,NS,ecd0affc-357b-4480-82bf-772be4ecc402,5/3/2024 3:36:34 AM,MichelleDPL,5/3/2024 3:36:34 AM,MichelleDPL,-108.3717465,38.8490523333333
329,bec3d136-9e0b-413e-aa6a-f1300d85b6ad,,,,,,,10,10,1714672800000,,3,NS,ecd0affc-357b-4480-82bf-772be4ecc402,5/3/2024 3:36:34 AM,MichelleDPL,5/3/2024 3:36:34 AM,MichelleDPL,-108.371743833333,38.8490976666667
330,aa9c535d-453a-41a5-9be9-dc6fc74631d9,39.25,+,0.47,,,1,10,10,1714672800000,,3,EW,d8a3a5e9-f871-4c99-94b2-28e99c2a84a0,5/3/2024 3:36:35 AM,MichelleDPL,5/3/2024 3:36:35 AM,MichelleDPL,-108.371199,38.849013
331,7e98485a-4e62-447e-99a5-e5ad72013c23,47.1,+,1.51,,,1,10,10,1714672800000,,3,EW,d8a3a5e9-f871-4c99-94b2-28e99c2a84a0,5/3/2024 3:36:35 AM,MichelleDPL,5/3/2024 3:36:35 AM,MichelleDPL,-108.371642,38.8490788333333
332,6ac25f67-227b-4829-9996-67d980ed1715,49.8,-,1.06,,,1,10,10,1714672800000,,3,EW,d8a3a5e9-f871-4c99-94b2-28e99c2a84a0,5/3/2024 3:36:35 AM,MichelleDPL,5/3/2024 3:36:35 AM,MichelleDPL,-108.371712833333,38.8491061666667
333,1177b7f0-3d41-4d12-ba77-f1771c2ac868,,,,,,,10,10,1714672800000,,3,EW,d8a3a5e9-f871-4c99-94b2-28e99c2a84a0,5/3/2024 3:36:35 AM,MichelleDPL,5/3/2024 3:36:35 AM,MichelleDPL,-108.3717485,38.8491038333333
334,c2b4e3a8-955f-4062-9049-5e5d8a3ecda5,98.87,+,2.3,0,8,2,12,10,1714672800000,,2,NS,d2283f19-eedc-4bb7-8387-92b2cda69b3a,5/3/2024 3:36:35 AM,MichelleDPL,5/3/2024 3:36:35 AM,MichelleDPL,-108.377505166667,39.0614653333333
335,faa24b20-9190-452b-be4a-b65fcef7ffac,86.5,-,2.18,0,0,1,12,10,1714672800000,,2,NS,d2283f19-eedc-4bb7-8387-92b2cda69b3a,5/3/2024 3:36:35 AM,MichelleDPL,5/3/2024 3:36:35 AM,MichelleDPL,-108.37751,39.0614621666667
336,0b5649e9-aa2a-4f97-b485-a4af273d70c6,83.77,-,2.8,0,0,2,12,10,1714672800000,,2,NS,d2283f19-eedc-4bb7-8387-92b2cda69b3a,5/3/2024 3:36:35 AM,MichelleDPL,5/3/2024 3:36:35 AM,MichelleDPL,-108.37755,39.0615878333333
337,f2232d84-2ba4-47fa-bb85-74b64de00c24,80.25,+,0.05,0,0,1,12,10,1714672800000,,2,NS,d2283f19-eedc-4bb7-8387-92b2cda69b3a,5/3/2024 3:36:35 AM,MichelleDPL,5/3/2024 3:36:35 AM,MichelleDPL,-108.377561333333,39.0616046666667
338,93323402-0e16-40b1-8889-3ab377bc59c3,55,-,0.97,,1,,12,10,1714672800000,,2,NS,d2283f19-eedc-4bb7-8387-92b2cda69b3a,5/3/2024 3:36:35 AM,MichelleDPL,5/3/2024 3:36:35 AM,MichelleDPL,-108.3775565,39.0616368333333
339,38ec92e4-266e-4f24-8355-40acccbcc67e,52.6,-,1.9,,,1,12,10,1714672800000,,2,NS,d2283f19-eedc-4bb7-8387-92b2cda69b3a,5/3/2024 3:36:35 AM,MichelleDPL,5/3/2024 3:36:35 AM,MichelleDPL,-108.377509333333,39.0618736666667
340,acd7e7a0-a0fa-4c20-b681-fda73e4d64c5,52.57,+,2.38,,,1,12,10,1714672800000,,2,NS,d2283f19-eedc-4bb7-8387-92b2cda69b3a,5/3/2024 3:36:35 AM,MichelleDPL,5/3/2024 3:36:35 AM,MichelleDPL,-108.377511666667,39.061881
341,bfde38fb-fc18-4f88-87ee-fe08cc132789,46.42,-,2.2,,1,,12,10,1714672800000,,2,NS,d2283f19-eedc-4bb7-8387-92b2cda69b3a,5/3/2024 3:36:35 AM,MichelleDPL,5/3/2024 3:36:35 AM,MichelleDPL,-108.377509833333,39.0618823333333
342,ef501589-7c5d-4ad2-aab2-d52d03a696b1,45.9,+,0.2,,1,,12,10,1714672800000,,2,NS,d2283f19-eedc-4bb7-8387-92b2cda69b3a,5/3/2024 3:36:35 AM,MichelleDPL,5/3/2024 3:36:35 AM,MichelleDPL,-108.3775015,39.0619383333333
343,2ab001a5-d93c-4b49-b63e-3f462d98c3f8,45.89,+,1.8,,3,,12,10,1714672800000,,2,NS,d2283f19-eedc-4bb7-8387-92b2cda69b3a,5/3/2024 3:36:35 AM,MichelleDPL,5/3/2024 3:36:35 AM,MichelleDPL,-108.377482,39.0619348333333
344,32210791-4eb9-466f-845f-3e13fe15013f,44.85,-,0.77,,1,,12,10,1714672800000,,2,NS,d2283f19-eedc-4bb7-8387-92b2cda69b3a,5/3/2024 3:36:35 AM,MichelleDPL,5/3/2024 3:36:35 AM,MichelleDPL,-108.377474166667,39.061939
345,25fd3d11-aaa4-47fc-b05d-cd647df59e09,41.31,-,2.08,,1,1,12,10,1714672800000,,2,NS,d2283f19-eedc-4bb7-8387-92b2cda69b3a,5/3/2024 3:36:35 AM,MichelleDPL,5/3/2024 3:36:35 AM,MichelleDPL,-108.377465833333,39.061946
346,fccdd33c-e632-4da1-a229-e0dccf957f3e,38.26,+,0.03,,2,2,12,10,1714672800000,,2,NS,d2283f19-eedc-4bb7-8387-92b2cda69b3a,5/3/2024 3:36:35 AM,MichelleDPL,5/3/2024 3:36:35 AM,MichelleDPL,-108.377509666667,39.0619848333333
347,64738207-9b23-43ee-8319-b7df207e5640,29.75,+,0,,10,1,12,10,1714672800000,,2,NS,d2283f19-eedc-4bb7-8387-92b2cda69b3a,5/3/2024 3:36:35 AM,MichelleDPL,5/3/2024 3:36:35 AM,MichelleDPL,-108.377490833333,39.0620021666667
348,f9d353c1-df67-41ee-ba90-d73d71c915bc,24.32,-,2.67,,1,1,12,10,1714672800000,,2,NS,d2283f19-eedc-4bb7-8387-92b2cda69b3a,5/3/2024 3:36:35 AM,MichelleDPL,5/3/2024 3:36:35 AM,MichelleDPL,-108.377489833333,39.062076
349,57de6207-3ec2-4c6a-80e6-b0602a3ee05c,22.45,+,0.3,,,1,12,10,1714672800000,,2,NS,d2283f19-eedc-4bb7-8387-92b2cda69b3a,5/3/2024 3:36:35 AM,MichelleDPL,5/3/2024 3:36:35 AM,MichelleDPL,-108.377492833333,39.0621291666667
350,1bd342c7-bee1-4435-b35e-3059b3f4c71e,9,-,0.88,,1,,12,10,1714672800000,,2,NS,d2283f19-eedc-4bb7-8387-92b2cda69b3a,5/3/2024 3:36:35 AM,MichelleDPL,5/3/2024 3:36:35 AM,MichelleDPL,-108.3774745,39.0621468333333
351,e3bbe035-f017-4472-be8c-f8c9ac73a092,,,,,,,12,10,1714672800000,,2,NS,d2283f19-eedc-4bb7-8387-92b2cda69b3a,5/3/2024 3:36:35 AM,MichelleDPL,5/3/2024 3:36:35 AM,MichelleDPL,-108.377467833333,39.0622735
352,a659f07b-48d6-4691-bdf1-2d6a92a68e0c,6.25,+,2.04,,1,,12,10,1714672800000,,8,EW,f9411cc1-319d-4c2b-bf80-d457dd3f27b9,5/3/2024 3:36:36 AM,MichelleDPL,5/3/2024 3:36:36 AM,MichelleDPL,-108.377259333333,39.062176
353,e8b661df-f5b0-410e-ac51-ee7758263396,8.8,-,3.02,,,1,12,10,1714672800000,,8,EW,f9411cc1-319d-4c2b-bf80-d457dd3f27b9,5/3/2024 3:36:36 AM,MichelleDPL,5/3/2024 3:36:36 AM,MichelleDPL,-108.377293333333,39.062182
354,28c99095-a0b7-4e88-918b-faf6128fef18,10.2,-,2.27,,,1,12,10,1714672800000,,8,EW,f9411cc1-319d-4c2b-bf80-d457dd3f27b9,5/3/2024 3:36:36 AM,MichelleDPL,5/3/2024 3:36:36 AM,MichelleDPL,-108.377328833333,39.0621448333333
355,52741da4-f73f-4405-869d-fc19d2e6699b,15.03,-,0.45,,,2,12,10,1714672800000,,8,EW,f9411cc1-319d-4c2b-bf80-d457dd3f27b9,5/3/2024 3:36:36 AM,MichelleDPL,5/3/2024 3:36:36 AM,MichelleDPL,-108.377332166667,39.0621591666667
356,35061448-b2ba-4e5f-a755-287f4654350d,15.32,+,0.92,,1,1,12,10,1714672800000,,8,EW,f9411cc1-319d-4c2b-bf80-d457dd3f27b9,5/3/2024 3:36:36 AM,MichelleDPL,5/3/2024 3:36:36 AM,MichelleDPL,-108.3773945,39.0621591666667
357,6374ceca-6a68-4c02-b780-b24317f3f8af,19.63,-,2.46,,,1,12,10,1714672800000,,8,EW,f9411cc1-319d-4c2b-bf80-d457dd3f27b9,5/3/2024 3:36:36 AM,MichelleDPL,5/3/2024 3:36:36 AM,MichelleDPL,-108.377408666667,39.0621766666667
358,dbba38cd-06ce-4006-9b6d-55019c5dcb99,24.5,+,0.38,,1,,12,10,1714672800000,,8,EW,f9411cc1-319d-4c2b-bf80-d457dd3f27b9,5/3/2024 3:36:36 AM,MichelleDPL,5/3/2024 3:36:36 AM,MichelleDPL,-108.377447166667,39.0621536666667
359,0ea61822-a047-4c7d-8476-5915415a2fbe,41.92,-,1.34,,3,,12,10,1714672800000,,8,EW,f9411cc1-319d-4c2b-bf80-d457dd3f27b9,5/3/2024 3:36:36 AM,MichelleDPL,5/3/2024 3:36:36 AM,MichelleDPL,-108.377487666667,39.0621753333333
360,a30d92f8-20e4-433f-882e-65d29a62c0ba,43.8,+,0.6,,1,,12,10,1714672800000,,8,EW,f9411cc1-319d-4c2b-bf80-d457dd3f27b9,5/3/2024 3:36:36 AM,MichelleDPL,5/3/2024 3:36:36 AM,MichelleDPL,-108.377696666667,39.0621735
361,373f58eb-104b-49f6-bcda-39c15007d71a,53.52,+,1.05,,1,1,12,10,1714672800000,,8,EW,f9411cc1-319d-4c2b-bf80-d457dd3f27b9,5/3/2024 3:36:36 AM,MichelleDPL,5/3/2024 3:36:36 AM,MichelleDPL,-108.377709,39.0621803333333
362,381d0700-3f52-45cb-bf1d-2c77008dbba3,,,,,,,12,10,1714672800000,,8,EW,f9411cc1-319d-4c2b-bf80-d457dd3f27b9,5/3/2024 3:36:36 AM,MichelleDPL,5/3/2024 3:36:36 AM,MichelleDPL,-108.377839333333,39.0621966666667
363,fd0a845c-2a6f-4b29-bb47-ece11b7ea35e,25.32,+,1.38,,2,,12,10,1714672800000,,1,EW,bb921ad1-1a03-49a9-9328-3964d6e2c3aa,5/3/2024 3:36:37 AM,MichelleDPL,5/3/2024 3:36:37 AM,MichelleDPL,-108.377660166667,39.0615678333333
364,416ea6a3-20fd-4acc-a3b3-6e8b01af4041,,,,,,,12,10,1714672800000,,1,EW,bb921ad1-1a03-49a9-9328-3964d6e2c3aa,5/3/2024 3:36:37 AM,MichelleDPL,5/3/2024 3:36:37 AM,MichelleDPL,-108.3775665,39.0615513333333
